float,row_key,quantity,value_script,source
figure_1,Age | 18-39 | Full adjustment set,ci_lower,-0.0030311152020427077,figure_1.R
figure_1,Age | 18-39 | Full adjustment set,ci_upper,0.0018125117650057347,figure_1.R
figure_1,Age | 18-39 | Full adjustment set,df,1378983,figure_1.R
figure_1,Age | 18-39 | Full adjustment set,estimate,-6.093017185184865e-4,figure_1.R
figure_1,Age | 18-39 | Full adjustment set,p_value,0.6219378539631739,figure_1.R
figure_1,Age | 18-39 | Full adjustment set,se,0.0012356407449047443,figure_1.R
figure_1,Age | 18-39 | Full adjustment set,t,-0.49310588132593314,figure_1.R
figure_1,Age | 18-39 | PAP adjustment set,ci_lower,-0.0032895990127755834,figure_1.R
figure_1,Age | 18-39 | PAP adjustment set,ci_upper,0.0015906093059903476,figure_1.R
figure_1,Age | 18-39 | PAP adjustment set,df,1379012,figure_1.R
figure_1,Age | 18-39 | PAP adjustment set,estimate,-8.494948533926178e-4,figure_1.R
figure_1,Age | 18-39 | PAP adjustment set,p_value,0.4950240725313215,figure_1.R
figure_1,Age | 18-39 | PAP adjustment set,se,0.0012449728856960636,figure_1.R
figure_1,Age | 18-39 | PAP adjustment set,t,-0.682340043829682,figure_1.R
figure_1,Age | 18-39 | Unadjusted,ci_lower,-0.0031146360608115,figure_1.R
figure_1,Age | 18-39 | Unadjusted,ci_upper,0.0022785989741131393,figure_1.R
figure_1,Age | 18-39 | Unadjusted,df,1379015,figure_1.R
figure_1,Age | 18-39 | Unadjusted,estimate,-4.180185433491805e-4,figure_1.R
figure_1,Age | 18-39 | Unadjusted,p_value,0.7612606458882119,figure_1.R
figure_1,Age | 18-39 | Unadjusted,se,0.001375849338000791,figure_1.R
figure_1,Age | 18-39 | Unadjusted,t,-0.30382581275693443,figure_1.R
figure_1,Age | 40+ | Full adjustment set,ci_lower,-0.005525554228369352,figure_1.R
figure_1,Age | 40+ | Full adjustment set,ci_upper,0.005204333130881203,figure_1.R
figure_1,Age | 40+ | Full adjustment set,df,620243,figure_1.R
figure_1,Age | 40+ | Full adjustment set,estimate,-1.606105487440744e-4,figure_1.R
figure_1,Age | 40+ | Full adjustment set,p_value,0.953210481058225,figure_1.R
figure_1,Age | 40+ | Full adjustment set,se,0.0027372611193867287,figure_1.R
figure_1,Age | 40+ | Full adjustment set,t,-0.05867564026191936,figure_1.R
figure_1,Age | 40+ | PAP adjustment set,ci_lower,-0.005838517794875534,figure_1.R
figure_1,Age | 40+ | PAP adjustment set,ci_upper,0.0049459024971250645,figure_1.R
figure_1,Age | 40+ | PAP adjustment set,df,620260,figure_1.R
figure_1,Age | 40+ | PAP adjustment set,estimate,-4.463076488752346e-4,figure_1.R
figure_1,Age | 40+ | PAP adjustment set,p_value,0.8711291155953151,figure_1.R
figure_1,Age | 40+ | PAP adjustment set,se,0.002751172810453364,figure_1.R
figure_1,Age | 40+ | PAP adjustment set,t,-0.16222450555611875,figure_1.R
figure_1,Age | 40+ | Unadjusted,ci_lower,-0.005744403582795699,figure_1.R
figure_1,Age | 40+ | Unadjusted,ci_upper,0.0066974964017978145,figure_1.R
figure_1,Age | 40+ | Unadjusted,df,620263,figure_1.R
figure_1,Age | 40+ | Unadjusted,estimate,4.76546409501058e-4,figure_1.R
figure_1,Age | 40+ | Unadjusted,p_value,0.8806539332447887,figure_1.R
figure_1,Age | 40+ | Unadjusted,se,0.0031740062072420356,figure_1.R
figure_1,Age | 40+ | Unadjusted,t,0.15014035209311696,figure_1.R
figure_1,ATE | ATE | Full adjustment set,ci_lower,-0.0028874729977623284,figure_1.R
figure_1,ATE | ATE | Full adjustment set,ci_upper,0.001835798093341595,figure_1.R
figure_1,ATE | ATE | Full adjustment set,df,1999248,figure_1.R
figure_1,ATE | ATE | Full adjustment set,estimate,-5.258374522103668e-4,figure_1.R
figure_1,ATE | ATE | Full adjustment set,p_value,0.6625449458495436,figure_1.R
figure_1,ATE | ATE | Full adjustment set,se,0.001204937506210574,figure_1.R
figure_1,ATE | ATE | Full adjustment set,t,-0.43640226111317665,figure_1.R
figure_1,ATE | ATE | PAP adjustment set,ci_lower,-0.003017516625579005,figure_1.R
figure_1,ATE | ATE | PAP adjustment set,ci_upper,0.001742978151306178,figure_1.R
figure_1,ATE | ATE | PAP adjustment set,df,1999277,figure_1.R
figure_1,ATE | ATE | PAP adjustment set,estimate,-6.372692371364134e-4,figure_1.R
figure_1,ATE | ATE | PAP adjustment set,p_value,0.599759770883685,figure_1.R
figure_1,ATE | ATE | PAP adjustment set,se,0.0012144335131732246,figure_1.R
figure_1,ATE | ATE | PAP adjustment set,t,-0.5247460896161175,figure_1.R
figure_1,ATE | ATE | Unadjusted,ci_lower,-0.0029729725863673925,figure_1.R
figure_1,ATE | ATE | Unadjusted,ci_upper,0.002423368096231692,figure_1.R
figure_1,ATE | ATE | Unadjusted,df,1999280,figure_1.R
figure_1,ATE | ATE | Unadjusted,estimate,-2.748022450678505e-4,figure_1.R
figure_1,ATE | ATE | Unadjusted,p_value,0.8417795253775939,figure_1.R
figure_1,ATE | ATE | Unadjusted,se,0.001376641983786052,figure_1.R
figure_1,ATE | ATE | Unadjusted,t,-0.19961780063694345,figure_1.R
figure_1,Gender | Female | Full adjustment set,ci_lower,-0.0043002129241394875,figure_1.R
figure_1,Gender | Female | Full adjustment set,ci_upper,0.0018628266902840926,figure_1.R
figure_1,Gender | Female | Full adjustment set,df,978016,figure_1.R
figure_1,Gender | Female | Full adjustment set,estimate,-0.0012186931169276974,figure_1.R
figure_1,Gender | Female | Full adjustment set,p_value,0.438259366482767,figure_1.R
figure_1,Gender | Female | Full adjustment set,se,0.0015722309276688035,figure_1.R
figure_1,Gender | Female | Full adjustment set,t,-0.7751362064443627,figure_1.R
figure_1,Gender | Female | PAP adjustment set,ci_lower,-0.004391351789329712,figure_1.R
figure_1,Gender | Female | PAP adjustment set,ci_upper,0.0018187436274358373,figure_1.R
figure_1,Gender | Female | PAP adjustment set,df,978036,figure_1.R
figure_1,Gender | Female | PAP adjustment set,estimate,-0.0012863040809469371,figure_1.R
figure_1,Gender | Female | PAP adjustment set,p_value,0.4168261926266451,figure_1.R
figure_1,Gender | Female | PAP adjustment set,se,0.0015842351646434064,figure_1.R
figure_1,Gender | Female | PAP adjustment set,t,-0.8119401144819746,figure_1.R
figure_1,Gender | Female | Unadjusted,ci_lower,-0.004923463489022427,figure_1.R
figure_1,Gender | Female | Unadjusted,ci_upper,0.0020157747010671303,figure_1.R
figure_1,Gender | Female | Unadjusted,df,978039,figure_1.R
figure_1,Gender | Female | Unadjusted,estimate,-0.0014538443939776486,figure_1.R
figure_1,Gender | Female | Unadjusted,p_value,0.41149398812866966,figure_1.R
figure_1,Gender | Female | Unadjusted,se,0.00177024416193976,figure_1.R
figure_1,Gender | Female | Unadjusted,t,-0.8212677241000396,figure_1.R
figure_1,Gender | Other | Full adjustment set,ci_lower,-0.003512248057092346,figure_1.R
figure_1,Gender | Other | Full adjustment set,ci_upper,0.0036033114865565183,figure_1.R
figure_1,Gender | Other | Full adjustment set,df,1021216,figure_1.R
figure_1,Gender | Other | Full adjustment set,estimate,4.553171473208617e-5,figure_1.R
figure_1,Gender | Other | Full adjustment set,p_value,0.97998857725088,figure_1.R
figure_1,Gender | Other | Full adjustment set,se,0.0018152249649173505,figure_1.R
figure_1,Gender | Other | Full adjustment set,t,0.02508323519788044,figure_1.R
figure_1,Gender | Other | PAP adjustment set,ci_lower,-0.003593037477081144,figure_1.R
figure_1,Gender | Other | PAP adjustment set,ci_upper,0.00357390516471757,figure_1.R
figure_1,Gender | Other | PAP adjustment set,df,1021236,figure_1.R
figure_1,Gender | Other | PAP adjustment set,estimate,-9.566156181787197e-6,figure_1.R
figure_1,Gender | Other | PAP adjustment set,p_value,0.9958253495863086,figure_1.R
figure_1,Gender | Other | PAP adjustment set,se,0.001828333123490998,figure_1.R
figure_1,Gender | Other | PAP adjustment set,t,-0.005232173534941866,figure_1.R
figure_1,Gender | Other | Unadjusted,ci_lower,-0.0032453326308040965,figure_1.R
figure_1,Gender | Other | Unadjusted,ci_upper,0.004954061994958944,figure_1.R
figure_1,Gender | Other | Unadjusted,df,1021239,figure_1.R
figure_1,Gender | Other | Unadjusted,estimate,8.543646820774239e-4,figure_1.R
figure_1,Gender | Other | Unadjusted,p_value,0.6829425893951296,figure_1.R
figure_1,Gender | Other | Unadjusted,se,0.002091718259258516,figure_1.R
figure_1,Gender | Other | Unadjusted,t,0.408451127820763,figure_1.R
figure_1,Margin | Vote margin less than 3pp | Full adjustment set,ci_lower,-0.003688107281656093,figure_1.R
figure_1,Margin | Vote margin less than 3pp | Full adjustment set,ci_upper,0.002216865339524138,figure_1.R
figure_1,Margin | Vote margin less than 3pp | Full adjustment set,df,1337023,figure_1.R
figure_1,Margin | Vote margin less than 3pp | Full adjustment set,estimate,-7.356209710659772e-4,figure_1.R
figure_1,Margin | Vote margin less than 3pp | Full adjustment set,p_value,0.625315169964519,figure_1.R
figure_1,Margin | Vote margin less than 3pp | Full adjustment set,se,0.0015063968833541538,figure_1.R
figure_1,Margin | Vote margin less than 3pp | Full adjustment set,t,-0.4883314478373311,figure_1.R
figure_1,Margin | Vote margin less than 3pp | PAP adjustment set,ci_lower,-0.0038085619989562244,figure_1.R
figure_1,Margin | Vote margin less than 3pp | PAP adjustment set,ci_upper,0.0021561770063250425,figure_1.R
figure_1,Margin | Vote margin less than 3pp | PAP adjustment set,df,1337052,figure_1.R
figure_1,Margin | Vote margin less than 3pp | PAP adjustment set,estimate,-8.261924963155911e-4,figure_1.R
figure_1,Margin | Vote margin less than 3pp | PAP adjustment set,p_value,0.5871570511729762,figure_1.R
figure_1,Margin | Vote margin less than 3pp | PAP adjustment set,se,0.0015216436763016165,figure_1.R
figure_1,Margin | Vote margin less than 3pp | PAP adjustment set,t,-0.5429605558665793,figure_1.R
figure_1,Margin | Vote margin less than 3pp | Unadjusted,ci_lower,-0.0035142586017308094,figure_1.R
figure_1,Margin | Vote margin less than 3pp | Unadjusted,ci_upper,0.003261071087079205,figure_1.R
figure_1,Margin | Vote margin less than 3pp | Unadjusted,df,1337055,figure_1.R
figure_1,Margin | Vote margin less than 3pp | Unadjusted,estimate,-1.2659375732580245e-4,figure_1.R
figure_1,Margin | Vote margin less than 3pp | Unadjusted,p_value,0.9416135368552236,figure_1.R
figure_1,Margin | Vote margin less than 3pp | Unadjusted,se,0.0017284306265083844,figure_1.R
figure_1,Margin | Vote margin less than 3pp | Unadjusted,t,-0.07324202394025812,figure_1.R
figure_1,Margin | Vote margin more than 3pp | Full adjustment set,ci_lower,-0.00394302165807506,figure_1.R
figure_1,Margin | Vote margin more than 3pp | Full adjustment set,ci_upper,0.003866066717232046,figure_1.R
figure_1,Margin | Vote margin more than 3pp | Full adjustment set,df,662191,figure_1.R
figure_1,Margin | Vote margin more than 3pp | Full adjustment set,estimate,-3.847747042150733e-5,figure_1.R
figure_1,Margin | Vote margin more than 3pp | Full adjustment set,p_value,0.9845901663170042,figure_1.R
figure_1,Margin | Vote margin more than 3pp | Full adjustment set,se,0.0019921473464082355,figure_1.R
figure_1,Margin | Vote margin more than 3pp | Full adjustment set,t,-0.019314570526563067,figure_1.R
figure_1,Margin | Vote margin more than 3pp | PAP adjustment set,ci_lower,-0.0041107466010776444,figure_1.R
figure_1,Margin | Vote margin more than 3pp | PAP adjustment set,ci_upper,0.0037269713234730864,figure_1.R
figure_1,Margin | Vote margin more than 3pp | PAP adjustment set,df,662220,figure_1.R
figure_1,Margin | Vote margin more than 3pp | PAP adjustment set,estimate,-1.9188763880227902e-4,figure_1.R
figure_1,Margin | Vote margin more than 3pp | PAP adjustment set,p_value,0.9235442956013479,figure_1.R
figure_1,Margin | Vote margin more than 3pp | PAP adjustment set,se,0.0019994509238635367,figure_1.R
figure_1,Margin | Vote margin more than 3pp | PAP adjustment set,t,-0.0959701668653586,figure_1.R
figure_1,Margin | Vote margin more than 3pp | Unadjusted,ci_lower,-0.005079840857613547,figure_1.R
figure_1,Margin | Vote margin more than 3pp | Unadjusted,ci_upper,0.0036932211170880554,figure_1.R
figure_1,Margin | Vote margin more than 3pp | Unadjusted,df,662223,figure_1.R
figure_1,Margin | Vote margin more than 3pp | Unadjusted,estimate,-6.933098702627461e-4,figure_1.R
figure_1,Margin | Vote margin more than 3pp | Unadjusted,p_value,0.7567274419508719,figure_1.R
figure_1,Margin | Vote margin more than 3pp | Unadjusted,se,0.002238063048381512,figure_1.R
figure_1,Margin | Vote margin more than 3pp | Unadjusted,t,-0.3097812060138892,figure_1.R
figure_1,Partisanship | Democrat | Full adjustment set,ci_lower,-0.0026152497612383554,figure_1.R
figure_1,Partisanship | Democrat | Full adjustment set,ci_upper,0.016216165901943684,figure_1.R
figure_1,Partisanship | Democrat | Full adjustment set,df,182914,figure_1.R
figure_1,Partisanship | Democrat | Full adjustment set,estimate,0.0068004580703526635,figure_1.R
figure_1,Partisanship | Democrat | Full adjustment set,p_value,0.15689855148452722,figure_1.R
figure_1,Partisanship | Democrat | Full adjustment set,se,0.004803989053348304,figure_1.R
figure_1,Partisanship | Democrat | Full adjustment set,t,1.4155856715811732,figure_1.R
figure_1,Partisanship | Democrat | PAP adjustment set,ci_lower,-0.0018300431101256785,figure_1.R
figure_1,Partisanship | Democrat | PAP adjustment set,ci_upper,0.01729580078196927,figure_1.R
figure_1,Partisanship | Democrat | PAP adjustment set,df,182940,figure_1.R
figure_1,Partisanship | Democrat | PAP adjustment set,estimate,0.0077328788359217965,figure_1.R
figure_1,Partisanship | Democrat | PAP adjustment set,p_value,0.11299103928329526,figure_1.R
figure_1,Partisanship | Democrat | PAP adjustment set,se,0.004879099183165514,figure_1.R
figure_1,Partisanship | Democrat | PAP adjustment set,t,1.5848988810481155,figure_1.R
figure_1,Partisanship | Democrat | Unadjusted,ci_lower,-0.005666723969020469,figure_1.R
figure_1,Partisanship | Democrat | Unadjusted,ci_upper,0.016096050160705002,figure_1.R
figure_1,Partisanship | Democrat | Unadjusted,df,182943,figure_1.R
figure_1,Partisanship | Democrat | Unadjusted,estimate,0.005214663095842267,figure_1.R
figure_1,Partisanship | Democrat | Unadjusted,p_value,0.34759059178326734,figure_1.R
figure_1,Partisanship | Democrat | Unadjusted,se,0.005551793379175639,figure_1.R
figure_1,Partisanship | Democrat | Unadjusted,t,0.9392754268201114,figure_1.R
figure_1,Partisanship | Other | Full adjustment set,ci_lower,-0.0059614707070784565,figure_1.R
figure_1,Partisanship | Other | Full adjustment set,ci_upper,0.006192351212634043,figure_1.R
figure_1,Partisanship | Other | Full adjustment set,df,302360,figure_1.R
figure_1,Partisanship | Other | Full adjustment set,estimate,1.1544025277779343e-4,figure_1.R
figure_1,Partisanship | Other | Full adjustment set,p_value,0.9702995113129259,figure_1.R
figure_1,Partisanship | Other | Full adjustment set,se,0.0031005093366831262,figure_1.R
figure_1,Partisanship | Other | Full adjustment set,t,0.03723267381006809,figure_1.R
figure_1,Partisanship | Other | PAP adjustment set,ci_lower,-0.006111018540445406,figure_1.R
figure_1,Partisanship | Other | PAP adjustment set,ci_upper,0.0059927940238609706,figure_1.R
figure_1,Partisanship | Other | PAP adjustment set,df,302386,figure_1.R
figure_1,Partisanship | Other | PAP adjustment set,estimate,-5.911225829221781e-5,figure_1.R
figure_1,Partisanship | Other | PAP adjustment set,p_value,0.984726155613768,figure_1.R
figure_1,Partisanship | Other | PAP adjustment set,se,0.0030877516657656563,figure_1.R
figure_1,Partisanship | Other | PAP adjustment set,t,-0.019144110242933023,figure_1.R
figure_1,Partisanship | Other | Unadjusted,ci_lower,-0.006875718140442188,figure_1.R
figure_1,Partisanship | Other | Unadjusted,ci_upper,0.006784156563801452,figure_1.R
figure_1,Partisanship | Other | Unadjusted,df,302389,figure_1.R
figure_1,Partisanship | Other | Unadjusted,estimate,-4.578078832036803e-5,figure_1.R
figure_1,Partisanship | Other | Unadjusted,p_value,0.989518013753474,figure_1.R
figure_1,Partisanship | Other | Unadjusted,se,0.003484711998782548,figure_1.R
figure_1,Partisanship | Other | Unadjusted,t,-0.013137610320842135,figure_1.R
figure_1,Partisanship | Republican | Full adjustment set,ci_lower,-0.019960923643475563,figure_1.R
figure_1,Partisanship | Republican | Full adjustment set,ci_upper,-7.983198623344994e-4,figure_1.R
figure_1,Partisanship | Republican | Full adjustment set,df,71844,figure_1.R
figure_1,Partisanship | Republican | Full adjustment set,estimate,-0.010379621752905032,figure_1.R
figure_1,Partisanship | Republican | Full adjustment set,p_value,0.033731698644606324,figure_1.R
figure_1,Partisanship | Republican | Full adjustment set,se,0.004888426802135189,figure_1.R
figure_1,Partisanship | Republican | Full adjustment set,t,-2.123305139471736,figure_1.R
figure_1,Partisanship | Republican | PAP adjustment set,ci_lower,-0.019486595703138786,figure_1.R
figure_1,Partisanship | Republican | PAP adjustment set,ci_upper,-2.1113775267134031e-4,figure_1.R
figure_1,Partisanship | Republican | PAP adjustment set,df,71870,figure_1.R
figure_1,Partisanship | Republican | PAP adjustment set,estimate,-0.009848866727905064,figure_1.R
figure_1,Partisanship | Republican | PAP adjustment set,p_value,0.04518796422737602,figure_1.R
figure_1,Partisanship | Republican | PAP adjustment set,se,0.004917216205008622,figure_1.R
figure_1,Partisanship | Republican | PAP adjustment set,t,-2.0029354653702467,figure_1.R
figure_1,Partisanship | Republican | Unadjusted,ci_lower,-0.019193150710947505,figure_1.R
figure_1,Partisanship | Republican | Unadjusted,ci_upper,0.0012021275795927044,figure_1.R
figure_1,Partisanship | Republican | Unadjusted,df,71873,figure_1.R
figure_1,Partisanship | Republican | Unadjusted,estimate,-0.0089955115656774,figure_1.R
figure_1,Partisanship | Republican | Unadjusted,p_value,0.083822910459755,figure_1.R
figure_1,Partisanship | Republican | Unadjusted,se,0.005202885101050028,figure_1.R
figure_1,Partisanship | Republican | Unadjusted,t,-1.7289468037381717,figure_1.R
figure_1,Partisanship | Unknown | Full adjustment set,ci_lower,-0.0038088002405222135,figure_1.R
figure_1,Partisanship | Unknown | Full adjustment set,ci_upper,0.0016340906173658652,figure_1.R
figure_1,Partisanship | Unknown | Full adjustment set,df,1442040,figure_1.R
figure_1,Partisanship | Unknown | Full adjustment set,estimate,-0.0010873548115781743,figure_1.R
figure_1,Partisanship | Unknown | Full adjustment set,p_value,0.43356546837199983,figure_1.R
figure_1,Partisanship | Unknown | Full adjustment set,se,0.001388516914691842,figure_1.R
figure_1,Partisanship | Unknown | Full adjustment set,t,-0.783105196683538,figure_1.R
figure_1,Partisanship | Unknown | PAP adjustment set,ci_lower,-0.004004416894804002,figure_1.R
figure_1,Partisanship | Unknown | PAP adjustment set,ci_upper,0.0014816402516653836,figure_1.R
figure_1,Partisanship | Unknown | PAP adjustment set,df,1442066,figure_1.R
figure_1,Partisanship | Unknown | PAP adjustment set,estimate,-0.001261388321569309,figure_1.R
figure_1,Partisanship | Unknown | PAP adjustment set,p_value,0.36743167734635496,figure_1.R
figure_1,Partisanship | Unknown | PAP adjustment set,se,0.0013995289161300164,figure_1.R
figure_1,Partisanship | Unknown | PAP adjustment set,t,-0.9012949336247411,figure_1.R
figure_1,Partisanship | Unknown | Unadjusted,ci_lower,-0.0035469487353669785,figure_1.R
figure_1,Partisanship | Unknown | Unadjusted,ci_upper,0.002671701197121213,figure_1.R
figure_1,Partisanship | Unknown | Unadjusted,df,1442069,figure_1.R
figure_1,Partisanship | Unknown | Unadjusted,estimate,-4.3762376912288294e-4,figure_1.R
figure_1,Partisanship | Unknown | Unadjusted,p_value,0.7826583146672605,figure_1.R
figure_1,Partisanship | Unknown | Unadjusted,se,0.0015864181082079004,figure_1.R
figure_1,Partisanship | Unknown | Unadjusted,t,-0.27585651402910755,figure_1.R
figure_1,Race | Black | Full adjustment set,ci_lower,-0.005609988744458434,figure_1.R
figure_1,Race | Black | Full adjustment set,ci_upper,0.003941407173941839,figure_1.R
figure_1,Race | Black | Full adjustment set,df,233524,figure_1.R
figure_1,Race | Black | Full adjustment set,estimate,-8.34290785258297e-4,figure_1.R
figure_1,Race | Black | Full adjustment set,p_value,0.7320518690262925,figure_1.R
figure_1,Race | Black | Full adjustment set,se,0.0024366127358609714,figure_1.R
figure_1,Race | Black | Full adjustment set,t,-0.34239777744718314,figure_1.R
figure_1,Race | Black | PAP adjustment set,ci_lower,-0.006077686444291257,figure_1.R
figure_1,Race | Black | PAP adjustment set,ci_upper,0.003557609493020954,figure_1.R
figure_1,Race | Black | PAP adjustment set,df,233541,figure_1.R
figure_1,Race | Black | PAP adjustment set,estimate,-0.0012600384756351513,figure_1.R
figure_1,Race | Black | PAP adjustment set,p_value,0.6082147217962496,figure_1.R
figure_1,Race | Black | PAP adjustment set,se,0.0024580160851958833,figure_1.R
figure_1,Race | Black | PAP adjustment set,t,-0.5126241781834137,figure_1.R
figure_1,Race | Black | Unadjusted,ci_lower,-0.0058398232687332085,figure_1.R
figure_1,Race | Black | Unadjusted,ci_upper,0.004669049847283576,figure_1.R
figure_1,Race | Black | Unadjusted,df,233544,figure_1.R
figure_1,Race | Black | Unadjusted,estimate,-5.853867107248164e-4,figure_1.R
figure_1,Race | Black | Unadjusted,p_value,0.8271511847159918,figure_1.R
figure_1,Race | Black | Unadjusted,se,0.00268087034650823,figure_1.R
figure_1,Race | Black | Unadjusted,t,-0.2183569643669149,figure_1.R
figure_1,Race | Latinx | Full adjustment set,ci_lower,-0.008394104140617309,figure_1.R
figure_1,Race | Latinx | Full adjustment set,ci_upper,0.004190561332096832,figure_1.R
figure_1,Race | Latinx | Full adjustment set,df,179014,figure_1.R
figure_1,Race | Latinx | Full adjustment set,estimate,-0.0021017714042602387,figure_1.R
figure_1,Race | Latinx | Full adjustment set,p_value,0.5126787689265494,figure_1.R
figure_1,Race | Latinx | Full adjustment set,se,0.003210411130887439,figure_1.R
figure_1,Race | Latinx | Full adjustment set,t,-0.6546735974215414,figure_1.R
figure_1,Race | Latinx | PAP adjustment set,ci_lower,-0.008528427197457257,figure_1.R
figure_1,Race | Latinx | PAP adjustment set,ci_upper,0.004112002838815008,figure_1.R
figure_1,Race | Latinx | PAP adjustment set,df,179031,figure_1.R
figure_1,Race | Latinx | PAP adjustment set,estimate,-0.002208212179321124,figure_1.R
figure_1,Race | Latinx | PAP adjustment set,p_value,0.4934747807294061,figure_1.R
figure_1,Race | Latinx | PAP adjustment set,se,0.0032246369521457237,figure_1.R
figure_1,Race | Latinx | PAP adjustment set,t,-0.6847940441331684,figure_1.R
figure_1,Race | Latinx | Unadjusted,ci_lower,-0.009979859442575413,figure_1.R
figure_1,Race | Latinx | Unadjusted,ci_upper,0.004101994773210993,figure_1.R
figure_1,Race | Latinx | Unadjusted,df,179034,figure_1.R
figure_1,Race | Latinx | Unadjusted,estimate,-0.0029389323346822103,figure_1.R
figure_1,Race | Latinx | Unadjusted,p_value,0.4132964740472025,figure_1.R
figure_1,Race | Latinx | Unadjusted,se,0.0035923514733118534,figure_1.R
figure_1,Race | Latinx | Unadjusted,t,-0.8181082381598802,figure_1.R
figure_1,Race | Other | Full adjustment set,ci_lower,-0.0227172842717729,figure_1.R
figure_1,Race | Other | Full adjustment set,ci_upper,0.009586898840324168,figure_1.R
figure_1,Race | Other | Full adjustment set,df,55549,figure_1.R
figure_1,Race | Other | Full adjustment set,estimate,-0.006565192715724367,figure_1.R
figure_1,Race | Other | Full adjustment set,p_value,0.42564845866801726,figure_1.R
figure_1,Race | Other | Full adjustment set,se,0.00824083490485808,figure_1.R
figure_1,Race | Other | Full adjustment set,t,-0.7966659678929012,figure_1.R
figure_1,Race | Other | PAP adjustment set,ci_lower,-0.022957161909819876,figure_1.R
figure_1,Race | Other | PAP adjustment set,ci_upper,0.009397266531328781,figure_1.R
figure_1,Race | Other | PAP adjustment set,df,55566,figure_1.R
figure_1,Race | Other | PAP adjustment set,estimate,-0.006779947689245548,figure_1.R
figure_1,Race | Other | PAP adjustment set,p_value,0.4113945690195968,figure_1.R
figure_1,Race | Other | PAP adjustment set,se,0.008253652602103456,figure_1.R
figure_1,Race | Other | PAP adjustment set,t,-0.8214481534536199,figure_1.R
figure_1,Race | Other | Unadjusted,ci_lower,-0.02114059053436723,figure_1.R
figure_1,Race | Other | Unadjusted,ci_upper,0.014439122760178332,figure_1.R
figure_1,Race | Other | Unadjusted,df,55569,figure_1.R
figure_1,Race | Other | Unadjusted,estimate,-0.003350733887094448,figure_1.R
figure_1,Race | Other | Unadjusted,p_value,0.7120032847401956,figure_1.R
figure_1,Race | Other | Unadjusted,se,0.009076426557654265,figure_1.R
figure_1,Race | Other | Unadjusted,t,-0.36916884258472094,figure_1.R
figure_1,Race | White | Full adjustment set,ci_lower,-0.002942949269203697,figure_1.R
figure_1,Race | White | Full adjustment set,ci_upper,0.002742609331571353,figure_1.R
figure_1,Race | White | Full adjustment set,df,1531107,figure_1.R
figure_1,Race | White | Full adjustment set,estimate,-1.0016996881617192e-4,figure_1.R
figure_1,Race | White | Full adjustment set,p_value,0.9449398119358551,figure_1.R
figure_1,Race | White | Full adjustment set,se,0.0014504231075408872,figure_1.R
figure_1,Race | White | Full adjustment set,t,-0.06906258476949158,figure_1.R
figure_1,Race | White | PAP adjustment set,ci_lower,-0.0030351670669264046,figure_1.R
figure_1,Race | White | PAP adjustment set,ci_upper,0.002697380493762015,figure_1.R
figure_1,Race | White | PAP adjustment set,df,1531124,figure_1.R
figure_1,Race | White | PAP adjustment set,estimate,-1.6889328658219486e-4,figure_1.R
figure_1,Race | White | PAP adjustment set,p_value,0.9080570208834498,figure_1.R
figure_1,Race | White | PAP adjustment set,se,0.001462410297914996,figure_1.R
figure_1,Race | White | PAP adjustment set,t,-0.11548967264726684,figure_1.R
figure_1,Race | White | Unadjusted,ci_lower,-0.003095823246095459,figure_1.R
figure_1,Race | White | Unadjusted,ci_upper,0.003375813178336211,figure_1.R
figure_1,Race | White | Unadjusted,df,1531127,figure_1.R
figure_1,Race | White | Unadjusted,estimate,1.3999496612037614e-4,figure_1.R
figure_1,Race | White | Unadjusted,p_value,0.9324233715991924,figure_1.R
figure_1,Race | White | Unadjusted,se,0.0016509566909426157,figure_1.R
figure_1,Race | White | Unadjusted,t,0.08479626805985192,figure_1.R
figure_1,Trump support | 30 to 40 | Full adjustment set,ci_lower,-5.275046150243975e-4,figure_1.R
figure_1,Trump support | 30 to 40 | Full adjustment set,ci_upper,0.00822115139180461,figure_1.R
figure_1,Trump support | 30 to 40 | Full adjustment set,df,522884,figure_1.R
figure_1,Trump support | 30 to 40 | Full adjustment set,estimate,0.0038468233883901066,figure_1.R
figure_1,Trump support | 30 to 40 | Full adjustment set,p_value,0.08477815044875782,figure_1.R
figure_1,Trump support | 30 to 40 | Full adjustment set,se,0.0022318358461097007,figure_1.R
figure_1,Trump support | 30 to 40 | Full adjustment set,t,1.7236139454859463,figure_1.R
figure_1,Trump support | 30 to 40 | PAP adjustment set,ci_lower,-7.815537351860769e-4,figure_1.R
figure_1,Trump support | 30 to 40 | PAP adjustment set,ci_upper,0.008043170452929287,figure_1.R
figure_1,Trump support | 30 to 40 | PAP adjustment set,df,522913,figure_1.R
figure_1,Trump support | 30 to 40 | PAP adjustment set,estimate,0.0036308083588716044,figure_1.R
figure_1,Trump support | 30 to 40 | PAP adjustment set,p_value,0.10678795368106851,figure_1.R
figure_1,Trump support | 30 to 40 | PAP adjustment set,se,0.00225124130634715,figure_1.R
figure_1,Trump support | 30 to 40 | PAP adjustment set,t,1.6128028339898095,figure_1.R
figure_1,Trump support | 30 to 40 | Unadjusted,ci_lower,-0.001749023520982192,figure_1.R
figure_1,Trump support | 30 to 40 | Unadjusted,ci_upper,0.00824126817455281,figure_1.R
figure_1,Trump support | 30 to 40 | Unadjusted,df,522916,figure_1.R
figure_1,Trump support | 30 to 40 | Unadjusted,estimate,0.0032461223267853086,figure_1.R
figure_1,Trump support | 30 to 40 | Unadjusted,p_value,0.20277172010752953,figure_1.R
figure_1,Trump support | 30 to 40 | Unadjusted,se,0.0025485847317509333,figure_1.R
figure_1,Trump support | 30 to 40 | Unadjusted,t,1.2736960581864398,figure_1.R
figure_1,Trump support | 40 to 50 | Full adjustment set,ci_lower,-0.006649464213985995,figure_1.R
figure_1,Trump support | 40 to 50 | Full adjustment set,ci_upper,0.002732011535353744,figure_1.R
figure_1,Trump support | 40 to 50 | Full adjustment set,df,485337,figure_1.R
figure_1,Trump support | 40 to 50 | Full adjustment set,estimate,-0.001958726339316125,figure_1.R
figure_1,Trump support | 40 to 50 | Full adjustment set,p_value,0.41311184898367115,figure_1.R
figure_1,Trump support | 40 to 50 | Full adjustment set,se,0.002393271618053008,figure_1.R
figure_1,Trump support | 40 to 50 | Full adjustment set,t,-0.8184304382925005,figure_1.R
figure_1,Trump support | 40 to 50 | PAP adjustment set,ci_lower,-0.0068648583958559675,figure_1.R
figure_1,Trump support | 40 to 50 | PAP adjustment set,ci_upper,0.0025926390097910233,figure_1.R
figure_1,Trump support | 40 to 50 | PAP adjustment set,df,485366,figure_1.R
figure_1,Trump support | 40 to 50 | PAP adjustment set,estimate,-0.002136109693032472,figure_1.R
figure_1,Trump support | 40 to 50 | PAP adjustment set,p_value,0.3759556910834104,figure_1.R
figure_1,Trump support | 40 to 50 | PAP adjustment set,se,0.002412665206080241,figure_1.R
figure_1,Trump support | 40 to 50 | PAP adjustment set,t,-0.8853734399821359,figure_1.R
figure_1,Trump support | 40 to 50 | Unadjusted,ci_lower,-0.0069848322911669185,figure_1.R
figure_1,Trump support | 40 to 50 | Unadjusted,ci_upper,0.0037056788554039525,figure_1.R
figure_1,Trump support | 40 to 50 | Unadjusted,df,485369,figure_1.R
figure_1,Trump support | 40 to 50 | Unadjusted,estimate,-0.0016395767178814832,figure_1.R
figure_1,Trump support | 40 to 50 | Unadjusted,p_value,0.5477130854992542,figure_1.R
figure_1,Trump support | 40 to 50 | Unadjusted,se,0.00272721452332004,figure_1.R
figure_1,Trump support | 40 to 50 | Unadjusted,t,-0.6011909601762846,figure_1.R
figure_1,Trump support | 50 to 60 | Full adjustment set,ci_lower,-0.005140923499493505,figure_1.R
figure_1,Trump support | 50 to 60 | Full adjustment set,ci_upper,0.004648933990091644,figure_1.R
figure_1,Trump support | 50 to 60 | Full adjustment set,df,478299,figure_1.R
figure_1,Trump support | 50 to 60 | Full adjustment set,estimate,-2.459947547009307e-4,figure_1.R
figure_1,Trump support | 50 to 60 | Full adjustment set,p_value,0.9215366761008041,figure_1.R
figure_1,Trump support | 50 to 60 | Full adjustment set,se,0.002497452196310102,figure_1.R
figure_1,Trump support | 50 to 60 | Full adjustment set,t,-0.09849828359653061,figure_1.R
figure_1,Trump support | 50 to 60 | PAP adjustment set,ci_lower,-0.005663550988579443,figure_1.R
figure_1,Trump support | 50 to 60 | PAP adjustment set,ci_upper,0.0041782806772441535,figure_1.R
figure_1,Trump support | 50 to 60 | PAP adjustment set,df,478328,figure_1.R
figure_1,Trump support | 50 to 60 | PAP adjustment set,estimate,-7.42635155667645e-4,figure_1.R
figure_1,Trump support | 50 to 60 | PAP adjustment set,p_value,0.7673930490185801,figure_1.R
figure_1,Trump support | 50 to 60 | PAP adjustment set,se,0.0025107111252074088,figure_1.R
figure_1,Trump support | 50 to 60 | PAP adjustment set,t,-0.2957867785790355,figure_1.R
figure_1,Trump support | 50 to 60 | Unadjusted,ci_lower,-0.0037600453269207336,figure_1.R
figure_1,Trump support | 50 to 60 | Unadjusted,ci_upper,0.007405272820243317,figure_1.R
figure_1,Trump support | 50 to 60 | Unadjusted,df,478331,figure_1.R
figure_1,Trump support | 50 to 60 | Unadjusted,estimate,0.0018226137466612914,figure_1.R
figure_1,Trump support | 50 to 60 | Unadjusted,p_value,0.5222469113675321,figure_1.R
figure_1,Trump support | 50 to 60 | Unadjusted,se,0.002848340577329308,figure_1.R
figure_1,Trump support | 50 to 60 | Unadjusted,t,0.6398861713265449,figure_1.R
figure_1,Trump support | 60 to 70 | Full adjustment set,ci_lower,-0.008634478102863153,figure_1.R
figure_1,Trump support | 60 to 70 | Full adjustment set,ci_upper,0.0012143294133607988,figure_1.R
figure_1,Trump support | 60 to 70 | Full adjustment set,df,512626,figure_1.R
figure_1,Trump support | 60 to 70 | Full adjustment set,estimate,-0.003710074344751177,figure_1.R
figure_1,Trump support | 60 to 70 | Full adjustment set,p_value,0.13976963523496452,figure_1.R
figure_1,Trump support | 60 to 70 | Full adjustment set,se,0.0025124911324455467,figure_1.R
figure_1,Trump support | 60 to 70 | Full adjustment set,t,-1.476651717031119,figure_1.R
figure_1,Trump support | 60 to 70 | PAP adjustment set,ci_lower,-0.008459763502050771,figure_1.R
figure_1,Trump support | 60 to 70 | PAP adjustment set,ci_upper,0.001489252830471618,figure_1.R
figure_1,Trump support | 60 to 70 | PAP adjustment set,df,512655,figure_1.R
figure_1,Trump support | 60 to 70 | PAP adjustment set,estimate,-0.0034852553357895767,figure_1.R
figure_1,Trump support | 60 to 70 | PAP adjustment set,p_value,0.1696910021390516,figure_1.R
figure_1,Trump support | 60 to 70 | PAP adjustment set,se,0.00253805501571432,figure_1.R
figure_1,Trump support | 60 to 70 | PAP adjustment set,t,-1.3731992861504907,figure_1.R
figure_1,Trump support | 60 to 70 | Unadjusted,ci_lower,-0.009830830129812156,figure_1.R
figure_1,Trump support | 60 to 70 | Unadjusted,ci_upper,0.0014576156942954074,figure_1.R
figure_1,Trump support | 60 to 70 | Unadjusted,df,512658,figure_1.R
figure_1,Trump support | 60 to 70 | Unadjusted,estimate,-0.004186607217758375,figure_1.R
figure_1,Trump support | 60 to 70 | Unadjusted,p_value,0.14600004335460148,figure_1.R
figure_1,Trump support | 60 to 70 | Unadjusted,se,0.0028797516846198155,figure_1.R
figure_1,Trump support | 60 to 70 | Unadjusted,t,-1.453808409981394,figure_1.R
figure_2,Difference-in-CATEs TSS 60-70 versus TSS 30-40 | Voted early in 2020 | Full adjustment set,ci_lower,-0.01718303410536627,figure_2.R
figure_2,Difference-in-CATEs TSS 60-70 versus TSS 30-40 | Voted early in 2020 | Full adjustment set,ci_upper,-0.00400437501742292,figure_2.R
figure_2,Difference-in-CATEs TSS 60-70 versus TSS 30-40 | Voted early in 2020 | Full adjustment set,df,1035542,figure_2.R
figure_2,Difference-in-CATEs TSS 60-70 versus TSS 30-40 | Voted early in 2020 | Full adjustment set,estimate,-0.010593704561394596,figure_2.R
figure_2,Difference-in-CATEs TSS 60-70 versus TSS 30-40 | Voted early in 2020 | Full adjustment set,p_value,0.0016268953823008296,figure_2.R
figure_2,Difference-in-CATEs TSS 60-70 versus TSS 30-40 | Voted early in 2020 | Full adjustment set,se,0.0033619606759060197,figure_2.R
figure_2,Difference-in-CATEs TSS 60-70 versus TSS 30-40 | Voted early in 2020 | Full adjustment set,t,-3.151049516229003,figure_2.R
figure_2,Difference-in-CATEs TSS 60-70 versus TSS 30-40 | Voted early in 2020 | PAP adjustment set,ci_lower,-0.016853609272765274,figure_2.R
figure_2,Difference-in-CATEs TSS 60-70 versus TSS 30-40 | Voted early in 2020 | PAP adjustment set,ci_upper,-0.003548689127296855,figure_2.R
figure_2,Difference-in-CATEs TSS 60-70 versus TSS 30-40 | Voted early in 2020 | PAP adjustment set,df,1035571,figure_2.R
figure_2,Difference-in-CATEs TSS 60-70 versus TSS 30-40 | Voted early in 2020 | PAP adjustment set,estimate,-0.010201149200031064,figure_2.R
figure_2,Difference-in-CATEs TSS 60-70 versus TSS 30-40 | Voted early in 2020 | PAP adjustment set,p_value,0.002651588519860667,figure_2.R
figure_2,Difference-in-CATEs TSS 60-70 versus TSS 30-40 | Voted early in 2020 | PAP adjustment set,se,0.0033941706836867072,figure_2.R
figure_2,Difference-in-CATEs TSS 60-70 versus TSS 30-40 | Voted early in 2020 | PAP adjustment set,t,-3.0054909286266946,figure_2.R
figure_2,Difference-in-CATEs TSS 60-70 versus TSS 30-40 | Voted early in 2020 | Unadjusted,ci_lower,-0.017228584936326355,figure_2.R
figure_2,Difference-in-CATEs TSS 60-70 versus TSS 30-40 | Voted early in 2020 | Unadjusted,ci_upper,-0.0036184822015025075,figure_2.R
figure_2,Difference-in-CATEs TSS 60-70 versus TSS 30-40 | Voted early in 2020 | Unadjusted,df,1035574,figure_2.R
figure_2,Difference-in-CATEs TSS 60-70 versus TSS 30-40 | Voted early in 2020 | Unadjusted,estimate,-0.010423533568914432,figure_2.R
figure_2,Difference-in-CATEs TSS 60-70 versus TSS 30-40 | Voted early in 2020 | Unadjusted,p_value,0.002680878210981691,figure_2.R
figure_2,Difference-in-CATEs TSS 60-70 versus TSS 30-40 | Voted early in 2020 | Unadjusted,se,0.0034720247246574844,figure_2.R
figure_2,Difference-in-CATEs TSS 60-70 versus TSS 30-40 | Voted early in 2020 | Unadjusted,t,-3.0021484279443644,figure_2.R
figure_2,Difference-in-CATEs TSS 60-70 versus TSS 30-40 | Voted in 2020 | Full adjustment set,ci_lower,-0.014225406717833813,figure_2.R
figure_2,Difference-in-CATEs TSS 60-70 versus TSS 30-40 | Voted in 2020 | Full adjustment set,ci_upper,-0.0010351694273054426,figure_2.R
figure_2,Difference-in-CATEs TSS 60-70 versus TSS 30-40 | Voted in 2020 | Full adjustment set,df,1035542,figure_2.R
figure_2,Difference-in-CATEs TSS 60-70 versus TSS 30-40 | Voted in 2020 | Full adjustment set,estimate,-0.007630288072569627,figure_2.R
figure_2,Difference-in-CATEs TSS 60-70 versus TSS 30-40 | Voted in 2020 | Full adjustment set,p_value,0.023353652466628183,figure_2.R
figure_2,Difference-in-CATEs TSS 60-70 versus TSS 30-40 | Voted in 2020 | Full adjustment set,se,0.0033649143498366333,figure_2.R
figure_2,Difference-in-CATEs TSS 60-70 versus TSS 30-40 | Voted in 2020 | Full adjustment set,t,-2.2676024645144617,figure_2.R
figure_2,Difference-in-CATEs TSS 60-70 versus TSS 30-40 | Voted in 2020 | PAP adjustment set,ci_lower,-0.013748626600397981,figure_2.R
figure_2,Difference-in-CATEs TSS 60-70 versus TSS 30-40 | Voted in 2020 | PAP adjustment set,ci_upper,-4.5195403290853274e-4,figure_2.R
figure_2,Difference-in-CATEs TSS 60-70 versus TSS 30-40 | Voted in 2020 | PAP adjustment set,df,1035571,figure_2.R
figure_2,Difference-in-CATEs TSS 60-70 versus TSS 30-40 | Voted in 2020 | PAP adjustment set,estimate,-0.007100290316653257,figure_2.R
figure_2,Difference-in-CATEs TSS 60-70 versus TSS 30-40 | Voted in 2020 | PAP adjustment set,p_value,0.03633111716609793,figure_2.R
figure_2,Difference-in-CATEs TSS 60-70 versus TSS 30-40 | Voted in 2020 | PAP adjustment set,se,0.003392066673509903,figure_2.R
figure_2,Difference-in-CATEs TSS 60-70 versus TSS 30-40 | Voted in 2020 | PAP adjustment set,t,-2.0932048217396364,figure_2.R
figure_2,Difference-in-CATEs TSS 60-70 versus TSS 30-40 | Voted in 2020 | Unadjusted,ci_lower,-0.014969877624623932,figure_2.R
figure_2,Difference-in-CATEs TSS 60-70 versus TSS 30-40 | Voted in 2020 | Unadjusted,ci_upper,1.0441853551832435e-4,figure_2.R
figure_2,Difference-in-CATEs TSS 60-70 versus TSS 30-40 | Voted in 2020 | Unadjusted,df,1035574,figure_2.R
figure_2,Difference-in-CATEs TSS 60-70 versus TSS 30-40 | Voted in 2020 | Unadjusted,estimate,-0.007432729544552804,figure_2.R
figure_2,Difference-in-CATEs TSS 60-70 versus TSS 30-40 | Voted in 2020 | Unadjusted,p_value,0.05325948692449633,figure_2.R
figure_2,Difference-in-CATEs TSS 60-70 versus TSS 30-40 | Voted in 2020 | Unadjusted,se,0.003845549882654923,figure_2.R
figure_2,Difference-in-CATEs TSS 60-70 versus TSS 30-40 | Voted in 2020 | Unadjusted,t,-1.9328131922244975,figure_2.R
figure_2,Difference-in-CATEs TSS 60-70 versus TSS 30-40 | Voted in person in 2020 | Full adjustment set,ci_lower,-0.003563219935268492,figure_2.R
figure_2,Difference-in-CATEs TSS 60-70 versus TSS 30-40 | Voted in person in 2020 | Full adjustment set,ci_upper,0.009490052912935917,figure_2.R
figure_2,Difference-in-CATEs TSS 60-70 versus TSS 30-40 | Voted in person in 2020 | Full adjustment set,df,1035542,figure_2.R
figure_2,Difference-in-CATEs TSS 60-70 versus TSS 30-40 | Voted in person in 2020 | Full adjustment set,estimate,0.0029634164888337126,figure_2.R
figure_2,Difference-in-CATEs TSS 60-70 versus TSS 30-40 | Voted in person in 2020 | Full adjustment set,p_value,0.3735080558710765,figure_2.R
figure_2,Difference-in-CATEs TSS 60-70 versus TSS 30-40 | Voted in person in 2020 | Full adjustment set,se,0.0033299738398789988,figure_2.R
figure_2,Difference-in-CATEs TSS 60-70 versus TSS 30-40 | Voted in person in 2020 | Full adjustment set,t,0.8899218526417596,figure_2.R
figure_2,Difference-in-CATEs TSS 60-70 versus TSS 30-40 | Voted in person in 2020 | PAP adjustment set,ci_lower,-0.003487590412333154,figure_2.R
figure_2,Difference-in-CATEs TSS 60-70 versus TSS 30-40 | Voted in person in 2020 | PAP adjustment set,ci_upper,0.00968930817910022,figure_2.R
figure_2,Difference-in-CATEs TSS 60-70 versus TSS 30-40 | Voted in person in 2020 | PAP adjustment set,df,1035571,figure_2.R
figure_2,Difference-in-CATEs TSS 60-70 versus TSS 30-40 | Voted in person in 2020 | PAP adjustment set,estimate,0.0031008588833835327,figure_2.R
figure_2,Difference-in-CATEs TSS 60-70 versus TSS 30-40 | Voted in person in 2020 | PAP adjustment set,p_value,0.3562890667340519,figure_2.R
figure_2,Difference-in-CATEs TSS 60-70 versus TSS 30-40 | Voted in person in 2020 | PAP adjustment set,se,0.0033615115620358525,figure_2.R
figure_2,Difference-in-CATEs TSS 60-70 versus TSS 30-40 | Voted in person in 2020 | PAP adjustment set,t,0.9224596810565604,figure_2.R
figure_2,Difference-in-CATEs TSS 60-70 versus TSS 30-40 | Voted in person in 2020 | Unadjusted,ci_lower,-0.0039312558758288225,figure_2.R
figure_2,Difference-in-CATEs TSS 60-70 versus TSS 30-40 | Voted in person in 2020 | Unadjusted,ci_upper,0.009912863924608615,figure_2.R
figure_2,Difference-in-CATEs TSS 60-70 versus TSS 30-40 | Voted in person in 2020 | Unadjusted,df,1035574,figure_2.R
figure_2,Difference-in-CATEs TSS 60-70 versus TSS 30-40 | Voted in person in 2020 | Unadjusted,estimate,0.0029908040243898965,figure_2.R
figure_2,Difference-in-CATEs TSS 60-70 versus TSS 30-40 | Voted in person in 2020 | Unadjusted,p_value,0.39708468079992254,figure_2.R
figure_2,Difference-in-CATEs TSS 60-70 versus TSS 30-40 | Voted in person in 2020 | Unadjusted,se,0.0035317239828947656,figure_2.R
figure_2,Difference-in-CATEs TSS 60-70 versus TSS 30-40 | Voted in person in 2020 | Unadjusted,t,0.8468396847758454,figure_2.R
figure_2,Treatment*TSS interaction term from linear model | Voted early in 2020 | Full adjustment set,ci_lower,-0.04925139419631429,figure_2.R
figure_2,Treatment*TSS interaction term from linear model | Voted early in 2020 | Full adjustment set,ci_upper,-0.009031503228956617,figure_2.R
figure_2,Treatment*TSS interaction term from linear model | Voted early in 2020 | Full adjustment set,df,1999247,figure_2.R
figure_2,Treatment*TSS interaction term from linear model | Voted early in 2020 | Full adjustment set,estimate,-0.029141448712635454,figure_2.R
figure_2,Treatment*TSS interaction term from linear model | Voted early in 2020 | Full adjustment set,p_value,0.0045086012348398066,figure_2.R
figure_2,Treatment*TSS interaction term from linear model | Voted early in 2020 | Full adjustment set,se,0.010260358592063753,figure_2.R
figure_2,Treatment*TSS interaction term from linear model | Voted early in 2020 | Full adjustment set,t,-2.8401978791634015,figure_2.R
figure_2,Treatment*TSS interaction term from linear model | Voted early in 2020 | PAP adjustment set,ci_lower,-0.04838997568578973,figure_2.R
figure_2,Treatment*TSS interaction term from linear model | Voted early in 2020 | PAP adjustment set,ci_upper,-0.0077929926463950645,figure_2.R
figure_2,Treatment*TSS interaction term from linear model | Voted early in 2020 | PAP adjustment set,df,1999276,figure_2.R
figure_2,Treatment*TSS interaction term from linear model | Voted early in 2020 | PAP adjustment set,estimate,-0.0280914841660924,figure_2.R
figure_2,Treatment*TSS interaction term from linear model | Voted early in 2020 | PAP adjustment set,p_value,0.006679153253005875,figure_2.R
figure_2,Treatment*TSS interaction term from linear model | Voted early in 2020 | PAP adjustment set,se,0.01035655725874144,figure_2.R
figure_2,Treatment*TSS interaction term from linear model | Voted early in 2020 | PAP adjustment set,t,-2.712434592333453,figure_2.R
figure_2,Treatment*TSS interaction term from linear model | Voted early in 2020 | Unadjusted,ci_lower,-0.04861734909256275,figure_2.R
figure_2,Treatment*TSS interaction term from linear model | Voted early in 2020 | Unadjusted,ci_upper,-0.007046820013001529,figure_2.R
figure_2,Treatment*TSS interaction term from linear model | Voted early in 2020 | Unadjusted,df,1999278,figure_2.R
figure_2,Treatment*TSS interaction term from linear model | Voted early in 2020 | Unadjusted,estimate,-0.02783208455278214,figure_2.R
figure_2,Treatment*TSS interaction term from linear model | Voted early in 2020 | Unadjusted,p_value,0.008678934040729428,figure_2.R
figure_2,Treatment*TSS interaction term from linear model | Voted early in 2020 | Unadjusted,se,0.010604915253705811,figure_2.R
figure_2,Treatment*TSS interaction term from linear model | Voted early in 2020 | Unadjusted,t,-2.6244513875824156,figure_2.R
figure_2,Treatment*TSS interaction term from linear model | Voted in 2020 | Full adjustment set,ci_lower,-0.04003103383163151,figure_2.R
figure_2,Treatment*TSS interaction term from linear model | Voted in 2020 | Full adjustment set,ci_upper,2.582052385809476e-4,figure_2.R
figure_2,Treatment*TSS interaction term from linear model | Voted in 2020 | Full adjustment set,df,1999247,figure_2.R
figure_2,Treatment*TSS interaction term from linear model | Voted in 2020 | Full adjustment set,estimate,-0.019886414296525278,figure_2.R
figure_2,Treatment*TSS interaction term from linear model | Voted in 2020 | Full adjustment set,p_value,0.053009685355866254,figure_2.R
figure_2,Treatment*TSS interaction term from linear model | Voted in 2020 | Full adjustment set,se,0.01027804974899769,figure_2.R
figure_2,Treatment*TSS interaction term from linear model | Voted in 2020 | Full adjustment set,t,-1.9348431640413681,figure_2.R
figure_2,Treatment*TSS interaction term from linear model | Voted in 2020 | PAP adjustment set,ci_lower,-0.03920083051501197,figure_2.R
figure_2,Treatment*TSS interaction term from linear model | Voted in 2020 | PAP adjustment set,ci_upper,0.0013912855871660128,figure_2.R
figure_2,Treatment*TSS interaction term from linear model | Voted in 2020 | PAP adjustment set,df,1999276,figure_2.R
figure_2,Treatment*TSS interaction term from linear model | Voted in 2020 | PAP adjustment set,estimate,-0.01890477246392298,figure_2.R
figure_2,Treatment*TSS interaction term from linear model | Voted in 2020 | PAP adjustment set,p_value,0.06790911025136327,figure_2.R
figure_2,Treatment*TSS interaction term from linear model | Voted in 2020 | PAP adjustment set,se,0.01035531567106212,figure_2.R
figure_2,Treatment*TSS interaction term from linear model | Voted in 2020 | PAP adjustment set,t,-1.8256104463094522,figure_2.R
figure_2,Treatment*TSS interaction term from linear model | Voted in 2020 | Unadjusted,ci_lower,-0.04117864164103703,figure_2.R
figure_2,Treatment*TSS interaction term from linear model | Voted in 2020 | Unadjusted,ci_upper,0.004919218061754164,figure_2.R
figure_2,Treatment*TSS interaction term from linear model | Voted in 2020 | Unadjusted,df,1999278,figure_2.R
figure_2,Treatment*TSS interaction term from linear model | Voted in 2020 | Unadjusted,estimate,-0.018129711789641432,figure_2.R
figure_2,Treatment*TSS interaction term from linear model | Voted in 2020 | Unadjusted,p_value,0.12315649568910815,figure_2.R
figure_2,Treatment*TSS interaction term from linear model | Voted in 2020 | Unadjusted,se,0.011759867058456035,figure_2.R
figure_2,Treatment*TSS interaction term from linear model | Voted in 2020 | Unadjusted,t,-1.5416595867557112,figure_2.R
figure_2,Treatment*TSS interaction term from linear model | Voted in person in 2020 | Full adjustment set,ci_lower,-0.010754559994290432,figure_2.R
figure_2,Treatment*TSS interaction term from linear model | Voted in person in 2020 | Full adjustment set,ci_upper,0.029264628826407714,figure_2.R
figure_2,Treatment*TSS interaction term from linear model | Voted in person in 2020 | Full adjustment set,df,1999247,figure_2.R
figure_2,Treatment*TSS interaction term from linear model | Voted in person in 2020 | Full adjustment set,estimate,0.009255034416058641,figure_2.R
figure_2,Treatment*TSS interaction term from linear model | Voted in person in 2020 | Full adjustment set,p_value,0.3646489592050356,figure_2.R
figure_2,Treatment*TSS interaction term from linear model | Voted in person in 2020 | Full adjustment set,se,0.010209158155031364,figure_2.R
figure_2,Treatment*TSS interaction term from linear model | Voted in person in 2020 | Full adjustment set,t,0.906542368676843,figure_2.R
figure_2,Treatment*TSS interaction term from linear model | Voted in person in 2020 | PAP adjustment set,ci_lower,-0.01100991723747302,figure_2.R
figure_2,Treatment*TSS interaction term from linear model | Voted in person in 2020 | PAP adjustment set,ci_upper,0.02938334064171138,figure_2.R
figure_2,Treatment*TSS interaction term from linear model | Voted in person in 2020 | PAP adjustment set,df,1999276,figure_2.R
figure_2,Treatment*TSS interaction term from linear model | Voted in person in 2020 | PAP adjustment set,estimate,0.00918671170211918,figure_2.R
figure_2,Treatment*TSS interaction term from linear model | Voted in person in 2020 | PAP adjustment set,p_value,0.37265206436300635,figure_2.R
figure_2,Treatment*TSS interaction term from linear model | Voted in person in 2020 | PAP adjustment set,se,0.010304585631078455,figure_2.R
figure_2,Treatment*TSS interaction term from linear model | Voted in person in 2020 | PAP adjustment set,t,0.8915168480343562,figure_2.R
figure_2,Treatment*TSS interaction term from linear model | Voted in person in 2020 | Unadjusted,ci_lower,-0.01150527504906885,figure_2.R
figure_2,Treatment*TSS interaction term from linear model | Voted in person in 2020 | Unadjusted,ci_upper,0.030910020575345643,figure_2.R
figure_2,Treatment*TSS interaction term from linear model | Voted in person in 2020 | Unadjusted,df,1999278,figure_2.R
figure_2,Treatment*TSS interaction term from linear model | Voted in person in 2020 | Unadjusted,estimate,0.009702372763138395,figure_2.R
figure_2,Treatment*TSS interaction term from linear model | Voted in person in 2020 | Unadjusted,p_value,0.3698938544900968,figure_2.R
figure_2,Treatment*TSS interaction term from linear model | Voted in person in 2020 | Unadjusted,se,0.01082042075281045,figure_2.R
figure_2,Treatment*TSS interaction term from linear model | Voted in person in 2020 | Unadjusted,t,0.8966724108781391,figure_2.R
supplementary_table_1,Age | 18-39 | Full adjustment set,ci_lower,-0.0030311152020427077,figure_1.R
supplementary_table_1,Age | 18-39 | Full adjustment set,ci_upper,0.0018125117650057347,figure_1.R
supplementary_table_1,Age | 18-39 | Full adjustment set,df,1378983,figure_1.R
supplementary_table_1,Age | 18-39 | Full adjustment set,estimate,-6.093017185184865e-4,figure_1.R
supplementary_table_1,Age | 18-39 | Full adjustment set,p_value,0.6219378539631739,figure_1.R
supplementary_table_1,Age | 18-39 | Full adjustment set,se,0.0012356407449047443,figure_1.R
supplementary_table_1,Age | 18-39 | Full adjustment set,t,-0.49310588132593314,figure_1.R
supplementary_table_1,Age | 18-39 | PAP adjustment set,ci_lower,-0.0032895990127755834,figure_1.R
supplementary_table_1,Age | 18-39 | PAP adjustment set,ci_upper,0.0015906093059903476,figure_1.R
supplementary_table_1,Age | 18-39 | PAP adjustment set,df,1379012,figure_1.R
supplementary_table_1,Age | 18-39 | PAP adjustment set,estimate,-8.494948533926178e-4,figure_1.R
supplementary_table_1,Age | 18-39 | PAP adjustment set,p_value,0.4950240725313215,figure_1.R
supplementary_table_1,Age | 18-39 | PAP adjustment set,se,0.0012449728856960636,figure_1.R
supplementary_table_1,Age | 18-39 | PAP adjustment set,t,-0.682340043829682,figure_1.R
supplementary_table_1,Age | 18-39 | Unadjusted,ci_lower,-0.0031146360608115,figure_1.R
supplementary_table_1,Age | 18-39 | Unadjusted,ci_upper,0.0022785989741131393,figure_1.R
supplementary_table_1,Age | 18-39 | Unadjusted,df,1379015,figure_1.R
supplementary_table_1,Age | 18-39 | Unadjusted,estimate,-4.180185433491805e-4,figure_1.R
supplementary_table_1,Age | 18-39 | Unadjusted,p_value,0.7612606458882119,figure_1.R
supplementary_table_1,Age | 18-39 | Unadjusted,se,0.001375849338000791,figure_1.R
supplementary_table_1,Age | 18-39 | Unadjusted,t,-0.30382581275693443,figure_1.R
supplementary_table_1,Age | 40+ | Full adjustment set,ci_lower,-0.005525554228369352,figure_1.R
supplementary_table_1,Age | 40+ | Full adjustment set,ci_upper,0.005204333130881203,figure_1.R
supplementary_table_1,Age | 40+ | Full adjustment set,df,620243,figure_1.R
supplementary_table_1,Age | 40+ | Full adjustment set,estimate,-1.606105487440744e-4,figure_1.R
supplementary_table_1,Age | 40+ | Full adjustment set,p_value,0.953210481058225,figure_1.R
supplementary_table_1,Age | 40+ | Full adjustment set,se,0.0027372611193867287,figure_1.R
supplementary_table_1,Age | 40+ | Full adjustment set,t,-0.05867564026191936,figure_1.R
supplementary_table_1,Age | 40+ | PAP adjustment set,ci_lower,-0.005838517794875534,figure_1.R
supplementary_table_1,Age | 40+ | PAP adjustment set,ci_upper,0.0049459024971250645,figure_1.R
supplementary_table_1,Age | 40+ | PAP adjustment set,df,620260,figure_1.R
supplementary_table_1,Age | 40+ | PAP adjustment set,estimate,-4.463076488752346e-4,figure_1.R
supplementary_table_1,Age | 40+ | PAP adjustment set,p_value,0.8711291155953151,figure_1.R
supplementary_table_1,Age | 40+ | PAP adjustment set,se,0.002751172810453364,figure_1.R
supplementary_table_1,Age | 40+ | PAP adjustment set,t,-0.16222450555611875,figure_1.R
supplementary_table_1,Age | 40+ | Unadjusted,ci_lower,-0.005744403582795699,figure_1.R
supplementary_table_1,Age | 40+ | Unadjusted,ci_upper,0.0066974964017978145,figure_1.R
supplementary_table_1,Age | 40+ | Unadjusted,df,620263,figure_1.R
supplementary_table_1,Age | 40+ | Unadjusted,estimate,4.76546409501058e-4,figure_1.R
supplementary_table_1,Age | 40+ | Unadjusted,p_value,0.8806539332447887,figure_1.R
supplementary_table_1,Age | 40+ | Unadjusted,se,0.0031740062072420356,figure_1.R
supplementary_table_1,Age | 40+ | Unadjusted,t,0.15014035209311696,figure_1.R
supplementary_table_1,ATE | ATE | Full adjustment set,ci_lower,-0.0028874729977623284,figure_1.R
supplementary_table_1,ATE | ATE | Full adjustment set,ci_upper,0.001835798093341595,figure_1.R
supplementary_table_1,ATE | ATE | Full adjustment set,df,1999248,figure_1.R
supplementary_table_1,ATE | ATE | Full adjustment set,estimate,-5.258374522103668e-4,figure_1.R
supplementary_table_1,ATE | ATE | Full adjustment set,p_value,0.6625449458495436,figure_1.R
supplementary_table_1,ATE | ATE | Full adjustment set,se,0.001204937506210574,figure_1.R
supplementary_table_1,ATE | ATE | Full adjustment set,t,-0.43640226111317665,figure_1.R
supplementary_table_1,ATE | ATE | PAP adjustment set,ci_lower,-0.003017516625579005,figure_1.R
supplementary_table_1,ATE | ATE | PAP adjustment set,ci_upper,0.001742978151306178,figure_1.R
supplementary_table_1,ATE | ATE | PAP adjustment set,df,1999277,figure_1.R
supplementary_table_1,ATE | ATE | PAP adjustment set,estimate,-6.372692371364134e-4,figure_1.R
supplementary_table_1,ATE | ATE | PAP adjustment set,p_value,0.599759770883685,figure_1.R
supplementary_table_1,ATE | ATE | PAP adjustment set,se,0.0012144335131732246,figure_1.R
supplementary_table_1,ATE | ATE | PAP adjustment set,t,-0.5247460896161175,figure_1.R
supplementary_table_1,ATE | ATE | Unadjusted,ci_lower,-0.0029729725863673925,figure_1.R
supplementary_table_1,ATE | ATE | Unadjusted,ci_upper,0.002423368096231692,figure_1.R
supplementary_table_1,ATE | ATE | Unadjusted,df,1999280,figure_1.R
supplementary_table_1,ATE | ATE | Unadjusted,estimate,-2.748022450678505e-4,figure_1.R
supplementary_table_1,ATE | ATE | Unadjusted,p_value,0.8417795253775939,figure_1.R
supplementary_table_1,ATE | ATE | Unadjusted,se,0.001376641983786052,figure_1.R
supplementary_table_1,ATE | ATE | Unadjusted,t,-0.19961780063694345,figure_1.R
supplementary_table_1,Gender | Female | Full adjustment set,ci_lower,-0.0043002129241394875,figure_1.R
supplementary_table_1,Gender | Female | Full adjustment set,ci_upper,0.0018628266902840926,figure_1.R
supplementary_table_1,Gender | Female | Full adjustment set,df,978016,figure_1.R
supplementary_table_1,Gender | Female | Full adjustment set,estimate,-0.0012186931169276974,figure_1.R
supplementary_table_1,Gender | Female | Full adjustment set,p_value,0.438259366482767,figure_1.R
supplementary_table_1,Gender | Female | Full adjustment set,se,0.0015722309276688035,figure_1.R
supplementary_table_1,Gender | Female | Full adjustment set,t,-0.7751362064443627,figure_1.R
supplementary_table_1,Gender | Female | PAP adjustment set,ci_lower,-0.004391351789329712,figure_1.R
supplementary_table_1,Gender | Female | PAP adjustment set,ci_upper,0.0018187436274358373,figure_1.R
supplementary_table_1,Gender | Female | PAP adjustment set,df,978036,figure_1.R
supplementary_table_1,Gender | Female | PAP adjustment set,estimate,-0.0012863040809469371,figure_1.R
supplementary_table_1,Gender | Female | PAP adjustment set,p_value,0.4168261926266451,figure_1.R
supplementary_table_1,Gender | Female | PAP adjustment set,se,0.0015842351646434064,figure_1.R
supplementary_table_1,Gender | Female | PAP adjustment set,t,-0.8119401144819746,figure_1.R
supplementary_table_1,Gender | Female | Unadjusted,ci_lower,-0.004923463489022427,figure_1.R
supplementary_table_1,Gender | Female | Unadjusted,ci_upper,0.0020157747010671303,figure_1.R
supplementary_table_1,Gender | Female | Unadjusted,df,978039,figure_1.R
supplementary_table_1,Gender | Female | Unadjusted,estimate,-0.0014538443939776486,figure_1.R
supplementary_table_1,Gender | Female | Unadjusted,p_value,0.41149398812866966,figure_1.R
supplementary_table_1,Gender | Female | Unadjusted,se,0.00177024416193976,figure_1.R
supplementary_table_1,Gender | Female | Unadjusted,t,-0.8212677241000396,figure_1.R
supplementary_table_1,Gender | Other | Full adjustment set,ci_lower,-0.003512248057092346,figure_1.R
supplementary_table_1,Gender | Other | Full adjustment set,ci_upper,0.0036033114865565183,figure_1.R
supplementary_table_1,Gender | Other | Full adjustment set,df,1021216,figure_1.R
supplementary_table_1,Gender | Other | Full adjustment set,estimate,4.553171473208617e-5,figure_1.R
supplementary_table_1,Gender | Other | Full adjustment set,p_value,0.97998857725088,figure_1.R
supplementary_table_1,Gender | Other | Full adjustment set,se,0.0018152249649173505,figure_1.R
supplementary_table_1,Gender | Other | Full adjustment set,t,0.02508323519788044,figure_1.R
supplementary_table_1,Gender | Other | PAP adjustment set,ci_lower,-0.003593037477081144,figure_1.R
supplementary_table_1,Gender | Other | PAP adjustment set,ci_upper,0.00357390516471757,figure_1.R
supplementary_table_1,Gender | Other | PAP adjustment set,df,1021236,figure_1.R
supplementary_table_1,Gender | Other | PAP adjustment set,estimate,-9.566156181787197e-6,figure_1.R
supplementary_table_1,Gender | Other | PAP adjustment set,p_value,0.9958253495863086,figure_1.R
supplementary_table_1,Gender | Other | PAP adjustment set,se,0.001828333123490998,figure_1.R
supplementary_table_1,Gender | Other | PAP adjustment set,t,-0.005232173534941866,figure_1.R
supplementary_table_1,Gender | Other | Unadjusted,ci_lower,-0.0032453326308040965,figure_1.R
supplementary_table_1,Gender | Other | Unadjusted,ci_upper,0.004954061994958944,figure_1.R
supplementary_table_1,Gender | Other | Unadjusted,df,1021239,figure_1.R
supplementary_table_1,Gender | Other | Unadjusted,estimate,8.543646820774239e-4,figure_1.R
supplementary_table_1,Gender | Other | Unadjusted,p_value,0.6829425893951296,figure_1.R
supplementary_table_1,Gender | Other | Unadjusted,se,0.002091718259258516,figure_1.R
supplementary_table_1,Gender | Other | Unadjusted,t,0.408451127820763,figure_1.R
supplementary_table_1,Margin | Vote margin less than 3pp | Full adjustment set,ci_lower,-0.003688107281656093,figure_1.R
supplementary_table_1,Margin | Vote margin less than 3pp | Full adjustment set,ci_upper,0.002216865339524138,figure_1.R
supplementary_table_1,Margin | Vote margin less than 3pp | Full adjustment set,df,1337023,figure_1.R
supplementary_table_1,Margin | Vote margin less than 3pp | Full adjustment set,estimate,-7.356209710659772e-4,figure_1.R
supplementary_table_1,Margin | Vote margin less than 3pp | Full adjustment set,p_value,0.625315169964519,figure_1.R
supplementary_table_1,Margin | Vote margin less than 3pp | Full adjustment set,se,0.0015063968833541538,figure_1.R
supplementary_table_1,Margin | Vote margin less than 3pp | Full adjustment set,t,-0.4883314478373311,figure_1.R
supplementary_table_1,Margin | Vote margin less than 3pp | PAP adjustment set,ci_lower,-0.0038085619989562244,figure_1.R
supplementary_table_1,Margin | Vote margin less than 3pp | PAP adjustment set,ci_upper,0.0021561770063250425,figure_1.R
supplementary_table_1,Margin | Vote margin less than 3pp | PAP adjustment set,df,1337052,figure_1.R
supplementary_table_1,Margin | Vote margin less than 3pp | PAP adjustment set,estimate,-8.261924963155911e-4,figure_1.R
supplementary_table_1,Margin | Vote margin less than 3pp | PAP adjustment set,p_value,0.5871570511729762,figure_1.R
supplementary_table_1,Margin | Vote margin less than 3pp | PAP adjustment set,se,0.0015216436763016165,figure_1.R
supplementary_table_1,Margin | Vote margin less than 3pp | PAP adjustment set,t,-0.5429605558665793,figure_1.R
supplementary_table_1,Margin | Vote margin less than 3pp | Unadjusted,ci_lower,-0.0035142586017308094,figure_1.R
supplementary_table_1,Margin | Vote margin less than 3pp | Unadjusted,ci_upper,0.003261071087079205,figure_1.R
supplementary_table_1,Margin | Vote margin less than 3pp | Unadjusted,df,1337055,figure_1.R
supplementary_table_1,Margin | Vote margin less than 3pp | Unadjusted,estimate,-1.2659375732580245e-4,figure_1.R
supplementary_table_1,Margin | Vote margin less than 3pp | Unadjusted,p_value,0.9416135368552236,figure_1.R
supplementary_table_1,Margin | Vote margin less than 3pp | Unadjusted,se,0.0017284306265083844,figure_1.R
supplementary_table_1,Margin | Vote margin less than 3pp | Unadjusted,t,-0.07324202394025812,figure_1.R
supplementary_table_1,Margin | Vote margin more than 3pp | Full adjustment set,ci_lower,-0.00394302165807506,figure_1.R
supplementary_table_1,Margin | Vote margin more than 3pp | Full adjustment set,ci_upper,0.003866066717232046,figure_1.R
supplementary_table_1,Margin | Vote margin more than 3pp | Full adjustment set,df,662191,figure_1.R
supplementary_table_1,Margin | Vote margin more than 3pp | Full adjustment set,estimate,-3.847747042150733e-5,figure_1.R
supplementary_table_1,Margin | Vote margin more than 3pp | Full adjustment set,p_value,0.9845901663170042,figure_1.R
supplementary_table_1,Margin | Vote margin more than 3pp | Full adjustment set,se,0.0019921473464082355,figure_1.R
supplementary_table_1,Margin | Vote margin more than 3pp | Full adjustment set,t,-0.019314570526563067,figure_1.R
supplementary_table_1,Margin | Vote margin more than 3pp | PAP adjustment set,ci_lower,-0.0041107466010776444,figure_1.R
supplementary_table_1,Margin | Vote margin more than 3pp | PAP adjustment set,ci_upper,0.0037269713234730864,figure_1.R
supplementary_table_1,Margin | Vote margin more than 3pp | PAP adjustment set,df,662220,figure_1.R
supplementary_table_1,Margin | Vote margin more than 3pp | PAP adjustment set,estimate,-1.9188763880227902e-4,figure_1.R
supplementary_table_1,Margin | Vote margin more than 3pp | PAP adjustment set,p_value,0.9235442956013479,figure_1.R
supplementary_table_1,Margin | Vote margin more than 3pp | PAP adjustment set,se,0.0019994509238635367,figure_1.R
supplementary_table_1,Margin | Vote margin more than 3pp | PAP adjustment set,t,-0.0959701668653586,figure_1.R
supplementary_table_1,Margin | Vote margin more than 3pp | Unadjusted,ci_lower,-0.005079840857613547,figure_1.R
supplementary_table_1,Margin | Vote margin more than 3pp | Unadjusted,ci_upper,0.0036932211170880554,figure_1.R
supplementary_table_1,Margin | Vote margin more than 3pp | Unadjusted,df,662223,figure_1.R
supplementary_table_1,Margin | Vote margin more than 3pp | Unadjusted,estimate,-6.933098702627461e-4,figure_1.R
supplementary_table_1,Margin | Vote margin more than 3pp | Unadjusted,p_value,0.7567274419508719,figure_1.R
supplementary_table_1,Margin | Vote margin more than 3pp | Unadjusted,se,0.002238063048381512,figure_1.R
supplementary_table_1,Margin | Vote margin more than 3pp | Unadjusted,t,-0.3097812060138892,figure_1.R
supplementary_table_1,Partisanship | Democrat | Full adjustment set,ci_lower,-0.0026152497612383554,figure_1.R
supplementary_table_1,Partisanship | Democrat | Full adjustment set,ci_upper,0.016216165901943684,figure_1.R
supplementary_table_1,Partisanship | Democrat | Full adjustment set,df,182914,figure_1.R
supplementary_table_1,Partisanship | Democrat | Full adjustment set,estimate,0.0068004580703526635,figure_1.R
supplementary_table_1,Partisanship | Democrat | Full adjustment set,p_value,0.15689855148452722,figure_1.R
supplementary_table_1,Partisanship | Democrat | Full adjustment set,se,0.004803989053348304,figure_1.R
supplementary_table_1,Partisanship | Democrat | Full adjustment set,t,1.4155856715811732,figure_1.R
supplementary_table_1,Partisanship | Democrat | PAP adjustment set,ci_lower,-0.0018300431101256785,figure_1.R
supplementary_table_1,Partisanship | Democrat | PAP adjustment set,ci_upper,0.01729580078196927,figure_1.R
supplementary_table_1,Partisanship | Democrat | PAP adjustment set,df,182940,figure_1.R
supplementary_table_1,Partisanship | Democrat | PAP adjustment set,estimate,0.0077328788359217965,figure_1.R
supplementary_table_1,Partisanship | Democrat | PAP adjustment set,p_value,0.11299103928329526,figure_1.R
supplementary_table_1,Partisanship | Democrat | PAP adjustment set,se,0.004879099183165514,figure_1.R
supplementary_table_1,Partisanship | Democrat | PAP adjustment set,t,1.5848988810481155,figure_1.R
supplementary_table_1,Partisanship | Democrat | Unadjusted,ci_lower,-0.005666723969020469,figure_1.R
supplementary_table_1,Partisanship | Democrat | Unadjusted,ci_upper,0.016096050160705002,figure_1.R
supplementary_table_1,Partisanship | Democrat | Unadjusted,df,182943,figure_1.R
supplementary_table_1,Partisanship | Democrat | Unadjusted,estimate,0.005214663095842267,figure_1.R
supplementary_table_1,Partisanship | Democrat | Unadjusted,p_value,0.34759059178326734,figure_1.R
supplementary_table_1,Partisanship | Democrat | Unadjusted,se,0.005551793379175639,figure_1.R
supplementary_table_1,Partisanship | Democrat | Unadjusted,t,0.9392754268201114,figure_1.R
supplementary_table_1,Partisanship | Other | Full adjustment set,ci_lower,-0.0059614707070784565,figure_1.R
supplementary_table_1,Partisanship | Other | Full adjustment set,ci_upper,0.006192351212634043,figure_1.R
supplementary_table_1,Partisanship | Other | Full adjustment set,df,302360,figure_1.R
supplementary_table_1,Partisanship | Other | Full adjustment set,estimate,1.1544025277779343e-4,figure_1.R
supplementary_table_1,Partisanship | Other | Full adjustment set,p_value,0.9702995113129259,figure_1.R
supplementary_table_1,Partisanship | Other | Full adjustment set,se,0.0031005093366831262,figure_1.R
supplementary_table_1,Partisanship | Other | Full adjustment set,t,0.03723267381006809,figure_1.R
supplementary_table_1,Partisanship | Other | PAP adjustment set,ci_lower,-0.006111018540445406,figure_1.R
supplementary_table_1,Partisanship | Other | PAP adjustment set,ci_upper,0.0059927940238609706,figure_1.R
supplementary_table_1,Partisanship | Other | PAP adjustment set,df,302386,figure_1.R
supplementary_table_1,Partisanship | Other | PAP adjustment set,estimate,-5.911225829221781e-5,figure_1.R
supplementary_table_1,Partisanship | Other | PAP adjustment set,p_value,0.984726155613768,figure_1.R
supplementary_table_1,Partisanship | Other | PAP adjustment set,se,0.0030877516657656563,figure_1.R
supplementary_table_1,Partisanship | Other | PAP adjustment set,t,-0.019144110242933023,figure_1.R
supplementary_table_1,Partisanship | Other | Unadjusted,ci_lower,-0.006875718140442188,figure_1.R
supplementary_table_1,Partisanship | Other | Unadjusted,ci_upper,0.006784156563801452,figure_1.R
supplementary_table_1,Partisanship | Other | Unadjusted,df,302389,figure_1.R
supplementary_table_1,Partisanship | Other | Unadjusted,estimate,-4.578078832036803e-5,figure_1.R
supplementary_table_1,Partisanship | Other | Unadjusted,p_value,0.989518013753474,figure_1.R
supplementary_table_1,Partisanship | Other | Unadjusted,se,0.003484711998782548,figure_1.R
supplementary_table_1,Partisanship | Other | Unadjusted,t,-0.013137610320842135,figure_1.R
supplementary_table_1,Partisanship | Republican | Full adjustment set,ci_lower,-0.019960923643475563,figure_1.R
supplementary_table_1,Partisanship | Republican | Full adjustment set,ci_upper,-7.983198623344994e-4,figure_1.R
supplementary_table_1,Partisanship | Republican | Full adjustment set,df,71844,figure_1.R
supplementary_table_1,Partisanship | Republican | Full adjustment set,estimate,-0.010379621752905032,figure_1.R
supplementary_table_1,Partisanship | Republican | Full adjustment set,p_value,0.033731698644606324,figure_1.R
supplementary_table_1,Partisanship | Republican | Full adjustment set,se,0.004888426802135189,figure_1.R
supplementary_table_1,Partisanship | Republican | Full adjustment set,t,-2.123305139471736,figure_1.R
supplementary_table_1,Partisanship | Republican | PAP adjustment set,ci_lower,-0.019486595703138786,figure_1.R
supplementary_table_1,Partisanship | Republican | PAP adjustment set,ci_upper,-2.1113775267134031e-4,figure_1.R
supplementary_table_1,Partisanship | Republican | PAP adjustment set,df,71870,figure_1.R
supplementary_table_1,Partisanship | Republican | PAP adjustment set,estimate,-0.009848866727905064,figure_1.R
supplementary_table_1,Partisanship | Republican | PAP adjustment set,p_value,0.04518796422737602,figure_1.R
supplementary_table_1,Partisanship | Republican | PAP adjustment set,se,0.004917216205008622,figure_1.R
supplementary_table_1,Partisanship | Republican | PAP adjustment set,t,-2.0029354653702467,figure_1.R
supplementary_table_1,Partisanship | Republican | Unadjusted,ci_lower,-0.019193150710947505,figure_1.R
supplementary_table_1,Partisanship | Republican | Unadjusted,ci_upper,0.0012021275795927044,figure_1.R
supplementary_table_1,Partisanship | Republican | Unadjusted,df,71873,figure_1.R
supplementary_table_1,Partisanship | Republican | Unadjusted,estimate,-0.0089955115656774,figure_1.R
supplementary_table_1,Partisanship | Republican | Unadjusted,p_value,0.083822910459755,figure_1.R
supplementary_table_1,Partisanship | Republican | Unadjusted,se,0.005202885101050028,figure_1.R
supplementary_table_1,Partisanship | Republican | Unadjusted,t,-1.7289468037381717,figure_1.R
supplementary_table_1,Partisanship | Unknown | Full adjustment set,ci_lower,-0.0038088002405222135,figure_1.R
supplementary_table_1,Partisanship | Unknown | Full adjustment set,ci_upper,0.0016340906173658652,figure_1.R
supplementary_table_1,Partisanship | Unknown | Full adjustment set,df,1442040,figure_1.R
supplementary_table_1,Partisanship | Unknown | Full adjustment set,estimate,-0.0010873548115781743,figure_1.R
supplementary_table_1,Partisanship | Unknown | Full adjustment set,p_value,0.43356546837199983,figure_1.R
supplementary_table_1,Partisanship | Unknown | Full adjustment set,se,0.001388516914691842,figure_1.R
supplementary_table_1,Partisanship | Unknown | Full adjustment set,t,-0.783105196683538,figure_1.R
supplementary_table_1,Partisanship | Unknown | PAP adjustment set,ci_lower,-0.004004416894804002,figure_1.R
supplementary_table_1,Partisanship | Unknown | PAP adjustment set,ci_upper,0.0014816402516653836,figure_1.R
supplementary_table_1,Partisanship | Unknown | PAP adjustment set,df,1442066,figure_1.R
supplementary_table_1,Partisanship | Unknown | PAP adjustment set,estimate,-0.001261388321569309,figure_1.R
supplementary_table_1,Partisanship | Unknown | PAP adjustment set,p_value,0.36743167734635496,figure_1.R
supplementary_table_1,Partisanship | Unknown | PAP adjustment set,se,0.0013995289161300164,figure_1.R
supplementary_table_1,Partisanship | Unknown | PAP adjustment set,t,-0.9012949336247411,figure_1.R
supplementary_table_1,Partisanship | Unknown | Unadjusted,ci_lower,-0.0035469487353669785,figure_1.R
supplementary_table_1,Partisanship | Unknown | Unadjusted,ci_upper,0.002671701197121213,figure_1.R
supplementary_table_1,Partisanship | Unknown | Unadjusted,df,1442069,figure_1.R
supplementary_table_1,Partisanship | Unknown | Unadjusted,estimate,-4.3762376912288294e-4,figure_1.R
supplementary_table_1,Partisanship | Unknown | Unadjusted,p_value,0.7826583146672605,figure_1.R
supplementary_table_1,Partisanship | Unknown | Unadjusted,se,0.0015864181082079004,figure_1.R
supplementary_table_1,Partisanship | Unknown | Unadjusted,t,-0.27585651402910755,figure_1.R
supplementary_table_1,Race | Black | Full adjustment set,ci_lower,-0.005609988744458434,figure_1.R
supplementary_table_1,Race | Black | Full adjustment set,ci_upper,0.003941407173941839,figure_1.R
supplementary_table_1,Race | Black | Full adjustment set,df,233524,figure_1.R
supplementary_table_1,Race | Black | Full adjustment set,estimate,-8.34290785258297e-4,figure_1.R
supplementary_table_1,Race | Black | Full adjustment set,p_value,0.7320518690262925,figure_1.R
supplementary_table_1,Race | Black | Full adjustment set,se,0.0024366127358609714,figure_1.R
supplementary_table_1,Race | Black | Full adjustment set,t,-0.34239777744718314,figure_1.R
supplementary_table_1,Race | Black | PAP adjustment set,ci_lower,-0.006077686444291257,figure_1.R
supplementary_table_1,Race | Black | PAP adjustment set,ci_upper,0.003557609493020954,figure_1.R
supplementary_table_1,Race | Black | PAP adjustment set,df,233541,figure_1.R
supplementary_table_1,Race | Black | PAP adjustment set,estimate,-0.0012600384756351513,figure_1.R
supplementary_table_1,Race | Black | PAP adjustment set,p_value,0.6082147217962496,figure_1.R
supplementary_table_1,Race | Black | PAP adjustment set,se,0.0024580160851958833,figure_1.R
supplementary_table_1,Race | Black | PAP adjustment set,t,-0.5126241781834137,figure_1.R
supplementary_table_1,Race | Black | Unadjusted,ci_lower,-0.0058398232687332085,figure_1.R
supplementary_table_1,Race | Black | Unadjusted,ci_upper,0.004669049847283576,figure_1.R
supplementary_table_1,Race | Black | Unadjusted,df,233544,figure_1.R
supplementary_table_1,Race | Black | Unadjusted,estimate,-5.853867107248164e-4,figure_1.R
supplementary_table_1,Race | Black | Unadjusted,p_value,0.8271511847159918,figure_1.R
supplementary_table_1,Race | Black | Unadjusted,se,0.00268087034650823,figure_1.R
supplementary_table_1,Race | Black | Unadjusted,t,-0.2183569643669149,figure_1.R
supplementary_table_1,Race | Latinx | Full adjustment set,ci_lower,-0.008394104140617309,figure_1.R
supplementary_table_1,Race | Latinx | Full adjustment set,ci_upper,0.004190561332096832,figure_1.R
supplementary_table_1,Race | Latinx | Full adjustment set,df,179014,figure_1.R
supplementary_table_1,Race | Latinx | Full adjustment set,estimate,-0.0021017714042602387,figure_1.R
supplementary_table_1,Race | Latinx | Full adjustment set,p_value,0.5126787689265494,figure_1.R
supplementary_table_1,Race | Latinx | Full adjustment set,se,0.003210411130887439,figure_1.R
supplementary_table_1,Race | Latinx | Full adjustment set,t,-0.6546735974215414,figure_1.R
supplementary_table_1,Race | Latinx | PAP adjustment set,ci_lower,-0.008528427197457257,figure_1.R
supplementary_table_1,Race | Latinx | PAP adjustment set,ci_upper,0.004112002838815008,figure_1.R
supplementary_table_1,Race | Latinx | PAP adjustment set,df,179031,figure_1.R
supplementary_table_1,Race | Latinx | PAP adjustment set,estimate,-0.002208212179321124,figure_1.R
supplementary_table_1,Race | Latinx | PAP adjustment set,p_value,0.4934747807294061,figure_1.R
supplementary_table_1,Race | Latinx | PAP adjustment set,se,0.0032246369521457237,figure_1.R
supplementary_table_1,Race | Latinx | PAP adjustment set,t,-0.6847940441331684,figure_1.R
supplementary_table_1,Race | Latinx | Unadjusted,ci_lower,-0.009979859442575413,figure_1.R
supplementary_table_1,Race | Latinx | Unadjusted,ci_upper,0.004101994773210993,figure_1.R
supplementary_table_1,Race | Latinx | Unadjusted,df,179034,figure_1.R
supplementary_table_1,Race | Latinx | Unadjusted,estimate,-0.0029389323346822103,figure_1.R
supplementary_table_1,Race | Latinx | Unadjusted,p_value,0.4132964740472025,figure_1.R
supplementary_table_1,Race | Latinx | Unadjusted,se,0.0035923514733118534,figure_1.R
supplementary_table_1,Race | Latinx | Unadjusted,t,-0.8181082381598802,figure_1.R
supplementary_table_1,Race | Other | Full adjustment set,ci_lower,-0.0227172842717729,figure_1.R
supplementary_table_1,Race | Other | Full adjustment set,ci_upper,0.009586898840324168,figure_1.R
supplementary_table_1,Race | Other | Full adjustment set,df,55549,figure_1.R
supplementary_table_1,Race | Other | Full adjustment set,estimate,-0.006565192715724367,figure_1.R
supplementary_table_1,Race | Other | Full adjustment set,p_value,0.42564845866801726,figure_1.R
supplementary_table_1,Race | Other | Full adjustment set,se,0.00824083490485808,figure_1.R
supplementary_table_1,Race | Other | Full adjustment set,t,-0.7966659678929012,figure_1.R
supplementary_table_1,Race | Other | PAP adjustment set,ci_lower,-0.022957161909819876,figure_1.R
supplementary_table_1,Race | Other | PAP adjustment set,ci_upper,0.009397266531328781,figure_1.R
supplementary_table_1,Race | Other | PAP adjustment set,df,55566,figure_1.R
supplementary_table_1,Race | Other | PAP adjustment set,estimate,-0.006779947689245548,figure_1.R
supplementary_table_1,Race | Other | PAP adjustment set,p_value,0.4113945690195968,figure_1.R
supplementary_table_1,Race | Other | PAP adjustment set,se,0.008253652602103456,figure_1.R
supplementary_table_1,Race | Other | PAP adjustment set,t,-0.8214481534536199,figure_1.R
supplementary_table_1,Race | Other | Unadjusted,ci_lower,-0.02114059053436723,figure_1.R
supplementary_table_1,Race | Other | Unadjusted,ci_upper,0.014439122760178332,figure_1.R
supplementary_table_1,Race | Other | Unadjusted,df,55569,figure_1.R
supplementary_table_1,Race | Other | Unadjusted,estimate,-0.003350733887094448,figure_1.R
supplementary_table_1,Race | Other | Unadjusted,p_value,0.7120032847401956,figure_1.R
supplementary_table_1,Race | Other | Unadjusted,se,0.009076426557654265,figure_1.R
supplementary_table_1,Race | Other | Unadjusted,t,-0.36916884258472094,figure_1.R
supplementary_table_1,Race | White | Full adjustment set,ci_lower,-0.002942949269203697,figure_1.R
supplementary_table_1,Race | White | Full adjustment set,ci_upper,0.002742609331571353,figure_1.R
supplementary_table_1,Race | White | Full adjustment set,df,1531107,figure_1.R
supplementary_table_1,Race | White | Full adjustment set,estimate,-1.0016996881617192e-4,figure_1.R
supplementary_table_1,Race | White | Full adjustment set,p_value,0.9449398119358551,figure_1.R
supplementary_table_1,Race | White | Full adjustment set,se,0.0014504231075408872,figure_1.R
supplementary_table_1,Race | White | Full adjustment set,t,-0.06906258476949158,figure_1.R
supplementary_table_1,Race | White | PAP adjustment set,ci_lower,-0.0030351670669264046,figure_1.R
supplementary_table_1,Race | White | PAP adjustment set,ci_upper,0.002697380493762015,figure_1.R
supplementary_table_1,Race | White | PAP adjustment set,df,1531124,figure_1.R
supplementary_table_1,Race | White | PAP adjustment set,estimate,-1.6889328658219486e-4,figure_1.R
supplementary_table_1,Race | White | PAP adjustment set,p_value,0.9080570208834498,figure_1.R
supplementary_table_1,Race | White | PAP adjustment set,se,0.001462410297914996,figure_1.R
supplementary_table_1,Race | White | PAP adjustment set,t,-0.11548967264726684,figure_1.R
supplementary_table_1,Race | White | Unadjusted,ci_lower,-0.003095823246095459,figure_1.R
supplementary_table_1,Race | White | Unadjusted,ci_upper,0.003375813178336211,figure_1.R
supplementary_table_1,Race | White | Unadjusted,df,1531127,figure_1.R
supplementary_table_1,Race | White | Unadjusted,estimate,1.3999496612037614e-4,figure_1.R
supplementary_table_1,Race | White | Unadjusted,p_value,0.9324233715991924,figure_1.R
supplementary_table_1,Race | White | Unadjusted,se,0.0016509566909426157,figure_1.R
supplementary_table_1,Race | White | Unadjusted,t,0.08479626805985192,figure_1.R
supplementary_table_1,Trump support | 30 to 40 | Full adjustment set,ci_lower,-5.275046150243975e-4,figure_1.R
supplementary_table_1,Trump support | 30 to 40 | Full adjustment set,ci_upper,0.00822115139180461,figure_1.R
supplementary_table_1,Trump support | 30 to 40 | Full adjustment set,df,522884,figure_1.R
supplementary_table_1,Trump support | 30 to 40 | Full adjustment set,estimate,0.0038468233883901066,figure_1.R
supplementary_table_1,Trump support | 30 to 40 | Full adjustment set,p_value,0.08477815044875782,figure_1.R
supplementary_table_1,Trump support | 30 to 40 | Full adjustment set,se,0.0022318358461097007,figure_1.R
supplementary_table_1,Trump support | 30 to 40 | Full adjustment set,t,1.7236139454859463,figure_1.R
supplementary_table_1,Trump support | 30 to 40 | PAP adjustment set,ci_lower,-7.815537351860769e-4,figure_1.R
supplementary_table_1,Trump support | 30 to 40 | PAP adjustment set,ci_upper,0.008043170452929287,figure_1.R
supplementary_table_1,Trump support | 30 to 40 | PAP adjustment set,df,522913,figure_1.R
supplementary_table_1,Trump support | 30 to 40 | PAP adjustment set,estimate,0.0036308083588716044,figure_1.R
supplementary_table_1,Trump support | 30 to 40 | PAP adjustment set,p_value,0.10678795368106851,figure_1.R
supplementary_table_1,Trump support | 30 to 40 | PAP adjustment set,se,0.00225124130634715,figure_1.R
supplementary_table_1,Trump support | 30 to 40 | PAP adjustment set,t,1.6128028339898095,figure_1.R
supplementary_table_1,Trump support | 30 to 40 | Unadjusted,ci_lower,-0.001749023520982192,figure_1.R
supplementary_table_1,Trump support | 30 to 40 | Unadjusted,ci_upper,0.00824126817455281,figure_1.R
supplementary_table_1,Trump support | 30 to 40 | Unadjusted,df,522916,figure_1.R
supplementary_table_1,Trump support | 30 to 40 | Unadjusted,estimate,0.0032461223267853086,figure_1.R
supplementary_table_1,Trump support | 30 to 40 | Unadjusted,p_value,0.20277172010752953,figure_1.R
supplementary_table_1,Trump support | 30 to 40 | Unadjusted,se,0.0025485847317509333,figure_1.R
supplementary_table_1,Trump support | 30 to 40 | Unadjusted,t,1.2736960581864398,figure_1.R
supplementary_table_1,Trump support | 40 to 50 | Full adjustment set,ci_lower,-0.006649464213985995,figure_1.R
supplementary_table_1,Trump support | 40 to 50 | Full adjustment set,ci_upper,0.002732011535353744,figure_1.R
supplementary_table_1,Trump support | 40 to 50 | Full adjustment set,df,485337,figure_1.R
supplementary_table_1,Trump support | 40 to 50 | Full adjustment set,estimate,-0.001958726339316125,figure_1.R
supplementary_table_1,Trump support | 40 to 50 | Full adjustment set,p_value,0.41311184898367115,figure_1.R
supplementary_table_1,Trump support | 40 to 50 | Full adjustment set,se,0.002393271618053008,figure_1.R
supplementary_table_1,Trump support | 40 to 50 | Full adjustment set,t,-0.8184304382925005,figure_1.R
supplementary_table_1,Trump support | 40 to 50 | PAP adjustment set,ci_lower,-0.0068648583958559675,figure_1.R
supplementary_table_1,Trump support | 40 to 50 | PAP adjustment set,ci_upper,0.0025926390097910233,figure_1.R
supplementary_table_1,Trump support | 40 to 50 | PAP adjustment set,df,485366,figure_1.R
supplementary_table_1,Trump support | 40 to 50 | PAP adjustment set,estimate,-0.002136109693032472,figure_1.R
supplementary_table_1,Trump support | 40 to 50 | PAP adjustment set,p_value,0.3759556910834104,figure_1.R
supplementary_table_1,Trump support | 40 to 50 | PAP adjustment set,se,0.002412665206080241,figure_1.R
supplementary_table_1,Trump support | 40 to 50 | PAP adjustment set,t,-0.8853734399821359,figure_1.R
supplementary_table_1,Trump support | 40 to 50 | Unadjusted,ci_lower,-0.0069848322911669185,figure_1.R
supplementary_table_1,Trump support | 40 to 50 | Unadjusted,ci_upper,0.0037056788554039525,figure_1.R
supplementary_table_1,Trump support | 40 to 50 | Unadjusted,df,485369,figure_1.R
supplementary_table_1,Trump support | 40 to 50 | Unadjusted,estimate,-0.0016395767178814832,figure_1.R
supplementary_table_1,Trump support | 40 to 50 | Unadjusted,p_value,0.5477130854992542,figure_1.R
supplementary_table_1,Trump support | 40 to 50 | Unadjusted,se,0.00272721452332004,figure_1.R
supplementary_table_1,Trump support | 40 to 50 | Unadjusted,t,-0.6011909601762846,figure_1.R
supplementary_table_1,Trump support | 50 to 60 | Full adjustment set,ci_lower,-0.005140923499493505,figure_1.R
supplementary_table_1,Trump support | 50 to 60 | Full adjustment set,ci_upper,0.004648933990091644,figure_1.R
supplementary_table_1,Trump support | 50 to 60 | Full adjustment set,df,478299,figure_1.R
supplementary_table_1,Trump support | 50 to 60 | Full adjustment set,estimate,-2.459947547009307e-4,figure_1.R
supplementary_table_1,Trump support | 50 to 60 | Full adjustment set,p_value,0.9215366761008041,figure_1.R
supplementary_table_1,Trump support | 50 to 60 | Full adjustment set,se,0.002497452196310102,figure_1.R
supplementary_table_1,Trump support | 50 to 60 | Full adjustment set,t,-0.09849828359653061,figure_1.R
supplementary_table_1,Trump support | 50 to 60 | PAP adjustment set,ci_lower,-0.005663550988579443,figure_1.R
supplementary_table_1,Trump support | 50 to 60 | PAP adjustment set,ci_upper,0.0041782806772441535,figure_1.R
supplementary_table_1,Trump support | 50 to 60 | PAP adjustment set,df,478328,figure_1.R
supplementary_table_1,Trump support | 50 to 60 | PAP adjustment set,estimate,-7.42635155667645e-4,figure_1.R
supplementary_table_1,Trump support | 50 to 60 | PAP adjustment set,p_value,0.7673930490185801,figure_1.R
supplementary_table_1,Trump support | 50 to 60 | PAP adjustment set,se,0.0025107111252074088,figure_1.R
supplementary_table_1,Trump support | 50 to 60 | PAP adjustment set,t,-0.2957867785790355,figure_1.R
supplementary_table_1,Trump support | 50 to 60 | Unadjusted,ci_lower,-0.0037600453269207336,figure_1.R
supplementary_table_1,Trump support | 50 to 60 | Unadjusted,ci_upper,0.007405272820243317,figure_1.R
supplementary_table_1,Trump support | 50 to 60 | Unadjusted,df,478331,figure_1.R
supplementary_table_1,Trump support | 50 to 60 | Unadjusted,estimate,0.0018226137466612914,figure_1.R
supplementary_table_1,Trump support | 50 to 60 | Unadjusted,p_value,0.5222469113675321,figure_1.R
supplementary_table_1,Trump support | 50 to 60 | Unadjusted,se,0.002848340577329308,figure_1.R
supplementary_table_1,Trump support | 50 to 60 | Unadjusted,t,0.6398861713265449,figure_1.R
supplementary_table_1,Trump support | 60 to 70 | Full adjustment set,ci_lower,-0.008634478102863153,figure_1.R
supplementary_table_1,Trump support | 60 to 70 | Full adjustment set,ci_upper,0.0012143294133607988,figure_1.R
supplementary_table_1,Trump support | 60 to 70 | Full adjustment set,df,512626,figure_1.R
supplementary_table_1,Trump support | 60 to 70 | Full adjustment set,estimate,-0.003710074344751177,figure_1.R
supplementary_table_1,Trump support | 60 to 70 | Full adjustment set,p_value,0.13976963523496452,figure_1.R
supplementary_table_1,Trump support | 60 to 70 | Full adjustment set,se,0.0025124911324455467,figure_1.R
supplementary_table_1,Trump support | 60 to 70 | Full adjustment set,t,-1.476651717031119,figure_1.R
supplementary_table_1,Trump support | 60 to 70 | PAP adjustment set,ci_lower,-0.008459763502050771,figure_1.R
supplementary_table_1,Trump support | 60 to 70 | PAP adjustment set,ci_upper,0.001489252830471618,figure_1.R
supplementary_table_1,Trump support | 60 to 70 | PAP adjustment set,df,512655,figure_1.R
supplementary_table_1,Trump support | 60 to 70 | PAP adjustment set,estimate,-0.0034852553357895767,figure_1.R
supplementary_table_1,Trump support | 60 to 70 | PAP adjustment set,p_value,0.1696910021390516,figure_1.R
supplementary_table_1,Trump support | 60 to 70 | PAP adjustment set,se,0.00253805501571432,figure_1.R
supplementary_table_1,Trump support | 60 to 70 | PAP adjustment set,t,-1.3731992861504907,figure_1.R
supplementary_table_1,Trump support | 60 to 70 | Unadjusted,ci_lower,-0.009830830129812156,figure_1.R
supplementary_table_1,Trump support | 60 to 70 | Unadjusted,ci_upper,0.0014576156942954074,figure_1.R
supplementary_table_1,Trump support | 60 to 70 | Unadjusted,df,512658,figure_1.R
supplementary_table_1,Trump support | 60 to 70 | Unadjusted,estimate,-0.004186607217758375,figure_1.R
supplementary_table_1,Trump support | 60 to 70 | Unadjusted,p_value,0.14600004335460148,figure_1.R
supplementary_table_1,Trump support | 60 to 70 | Unadjusted,se,0.0028797516846198155,figure_1.R
supplementary_table_1,Trump support | 60 to 70 | Unadjusted,t,-1.453808409981394,figure_1.R
supplementary_table_2,Difference-in-CATEs TSS 60-70 versus TSS 30-40 | Voted early in 2020 | Full adjustment set,ci_lower,-0.01718303410536627,figure_2.R
supplementary_table_2,Difference-in-CATEs TSS 60-70 versus TSS 30-40 | Voted early in 2020 | Full adjustment set,ci_upper,-0.00400437501742292,figure_2.R
supplementary_table_2,Difference-in-CATEs TSS 60-70 versus TSS 30-40 | Voted early in 2020 | Full adjustment set,df,1035542,figure_2.R
supplementary_table_2,Difference-in-CATEs TSS 60-70 versus TSS 30-40 | Voted early in 2020 | Full adjustment set,estimate,-0.010593704561394596,figure_2.R
supplementary_table_2,Difference-in-CATEs TSS 60-70 versus TSS 30-40 | Voted early in 2020 | Full adjustment set,p_value,0.0016268953823008296,figure_2.R
supplementary_table_2,Difference-in-CATEs TSS 60-70 versus TSS 30-40 | Voted early in 2020 | Full adjustment set,se,0.0033619606759060197,figure_2.R
supplementary_table_2,Difference-in-CATEs TSS 60-70 versus TSS 30-40 | Voted early in 2020 | Full adjustment set,t,-3.151049516229003,figure_2.R
supplementary_table_2,Difference-in-CATEs TSS 60-70 versus TSS 30-40 | Voted early in 2020 | PAP adjustment set,ci_lower,-0.016853609272765274,figure_2.R
supplementary_table_2,Difference-in-CATEs TSS 60-70 versus TSS 30-40 | Voted early in 2020 | PAP adjustment set,ci_upper,-0.003548689127296855,figure_2.R
supplementary_table_2,Difference-in-CATEs TSS 60-70 versus TSS 30-40 | Voted early in 2020 | PAP adjustment set,df,1035571,figure_2.R
supplementary_table_2,Difference-in-CATEs TSS 60-70 versus TSS 30-40 | Voted early in 2020 | PAP adjustment set,estimate,-0.010201149200031064,figure_2.R
supplementary_table_2,Difference-in-CATEs TSS 60-70 versus TSS 30-40 | Voted early in 2020 | PAP adjustment set,p_value,0.002651588519860667,figure_2.R
supplementary_table_2,Difference-in-CATEs TSS 60-70 versus TSS 30-40 | Voted early in 2020 | PAP adjustment set,se,0.0033941706836867072,figure_2.R
supplementary_table_2,Difference-in-CATEs TSS 60-70 versus TSS 30-40 | Voted early in 2020 | PAP adjustment set,t,-3.0054909286266946,figure_2.R
supplementary_table_2,Difference-in-CATEs TSS 60-70 versus TSS 30-40 | Voted early in 2020 | Unadjusted,ci_lower,-0.017228584936326355,figure_2.R
supplementary_table_2,Difference-in-CATEs TSS 60-70 versus TSS 30-40 | Voted early in 2020 | Unadjusted,ci_upper,-0.0036184822015025075,figure_2.R
supplementary_table_2,Difference-in-CATEs TSS 60-70 versus TSS 30-40 | Voted early in 2020 | Unadjusted,df,1035574,figure_2.R
supplementary_table_2,Difference-in-CATEs TSS 60-70 versus TSS 30-40 | Voted early in 2020 | Unadjusted,estimate,-0.010423533568914432,figure_2.R
supplementary_table_2,Difference-in-CATEs TSS 60-70 versus TSS 30-40 | Voted early in 2020 | Unadjusted,p_value,0.002680878210981691,figure_2.R
supplementary_table_2,Difference-in-CATEs TSS 60-70 versus TSS 30-40 | Voted early in 2020 | Unadjusted,se,0.0034720247246574844,figure_2.R
supplementary_table_2,Difference-in-CATEs TSS 60-70 versus TSS 30-40 | Voted early in 2020 | Unadjusted,t,-3.0021484279443644,figure_2.R
supplementary_table_2,Difference-in-CATEs TSS 60-70 versus TSS 30-40 | Voted in 2020 | Full adjustment set,ci_lower,-0.014225406717833813,figure_2.R
supplementary_table_2,Difference-in-CATEs TSS 60-70 versus TSS 30-40 | Voted in 2020 | Full adjustment set,ci_upper,-0.0010351694273054426,figure_2.R
supplementary_table_2,Difference-in-CATEs TSS 60-70 versus TSS 30-40 | Voted in 2020 | Full adjustment set,df,1035542,figure_2.R
supplementary_table_2,Difference-in-CATEs TSS 60-70 versus TSS 30-40 | Voted in 2020 | Full adjustment set,estimate,-0.007630288072569627,figure_2.R
supplementary_table_2,Difference-in-CATEs TSS 60-70 versus TSS 30-40 | Voted in 2020 | Full adjustment set,p_value,0.023353652466628183,figure_2.R
supplementary_table_2,Difference-in-CATEs TSS 60-70 versus TSS 30-40 | Voted in 2020 | Full adjustment set,se,0.0033649143498366333,figure_2.R
supplementary_table_2,Difference-in-CATEs TSS 60-70 versus TSS 30-40 | Voted in 2020 | Full adjustment set,t,-2.2676024645144617,figure_2.R
supplementary_table_2,Difference-in-CATEs TSS 60-70 versus TSS 30-40 | Voted in 2020 | PAP adjustment set,ci_lower,-0.013748626600397981,figure_2.R
supplementary_table_2,Difference-in-CATEs TSS 60-70 versus TSS 30-40 | Voted in 2020 | PAP adjustment set,ci_upper,-4.5195403290853274e-4,figure_2.R
supplementary_table_2,Difference-in-CATEs TSS 60-70 versus TSS 30-40 | Voted in 2020 | PAP adjustment set,df,1035571,figure_2.R
supplementary_table_2,Difference-in-CATEs TSS 60-70 versus TSS 30-40 | Voted in 2020 | PAP adjustment set,estimate,-0.007100290316653257,figure_2.R
supplementary_table_2,Difference-in-CATEs TSS 60-70 versus TSS 30-40 | Voted in 2020 | PAP adjustment set,p_value,0.03633111716609793,figure_2.R
supplementary_table_2,Difference-in-CATEs TSS 60-70 versus TSS 30-40 | Voted in 2020 | PAP adjustment set,se,0.003392066673509903,figure_2.R
supplementary_table_2,Difference-in-CATEs TSS 60-70 versus TSS 30-40 | Voted in 2020 | PAP adjustment set,t,-2.0932048217396364,figure_2.R
supplementary_table_2,Difference-in-CATEs TSS 60-70 versus TSS 30-40 | Voted in 2020 | Unadjusted,ci_lower,-0.014969877624623932,figure_2.R
supplementary_table_2,Difference-in-CATEs TSS 60-70 versus TSS 30-40 | Voted in 2020 | Unadjusted,ci_upper,1.0441853551832435e-4,figure_2.R
supplementary_table_2,Difference-in-CATEs TSS 60-70 versus TSS 30-40 | Voted in 2020 | Unadjusted,df,1035574,figure_2.R
supplementary_table_2,Difference-in-CATEs TSS 60-70 versus TSS 30-40 | Voted in 2020 | Unadjusted,estimate,-0.007432729544552804,figure_2.R
supplementary_table_2,Difference-in-CATEs TSS 60-70 versus TSS 30-40 | Voted in 2020 | Unadjusted,p_value,0.05325948692449633,figure_2.R
supplementary_table_2,Difference-in-CATEs TSS 60-70 versus TSS 30-40 | Voted in 2020 | Unadjusted,se,0.003845549882654923,figure_2.R
supplementary_table_2,Difference-in-CATEs TSS 60-70 versus TSS 30-40 | Voted in 2020 | Unadjusted,t,-1.9328131922244975,figure_2.R
supplementary_table_2,Difference-in-CATEs TSS 60-70 versus TSS 30-40 | Voted in person in 2020 | Full adjustment set,ci_lower,-0.003563219935268492,figure_2.R
supplementary_table_2,Difference-in-CATEs TSS 60-70 versus TSS 30-40 | Voted in person in 2020 | Full adjustment set,ci_upper,0.009490052912935917,figure_2.R
supplementary_table_2,Difference-in-CATEs TSS 60-70 versus TSS 30-40 | Voted in person in 2020 | Full adjustment set,df,1035542,figure_2.R
supplementary_table_2,Difference-in-CATEs TSS 60-70 versus TSS 30-40 | Voted in person in 2020 | Full adjustment set,estimate,0.0029634164888337126,figure_2.R
supplementary_table_2,Difference-in-CATEs TSS 60-70 versus TSS 30-40 | Voted in person in 2020 | Full adjustment set,p_value,0.3735080558710765,figure_2.R
supplementary_table_2,Difference-in-CATEs TSS 60-70 versus TSS 30-40 | Voted in person in 2020 | Full adjustment set,se,0.0033299738398789988,figure_2.R
supplementary_table_2,Difference-in-CATEs TSS 60-70 versus TSS 30-40 | Voted in person in 2020 | Full adjustment set,t,0.8899218526417596,figure_2.R
supplementary_table_2,Difference-in-CATEs TSS 60-70 versus TSS 30-40 | Voted in person in 2020 | PAP adjustment set,ci_lower,-0.003487590412333154,figure_2.R
supplementary_table_2,Difference-in-CATEs TSS 60-70 versus TSS 30-40 | Voted in person in 2020 | PAP adjustment set,ci_upper,0.00968930817910022,figure_2.R
supplementary_table_2,Difference-in-CATEs TSS 60-70 versus TSS 30-40 | Voted in person in 2020 | PAP adjustment set,df,1035571,figure_2.R
supplementary_table_2,Difference-in-CATEs TSS 60-70 versus TSS 30-40 | Voted in person in 2020 | PAP adjustment set,estimate,0.0031008588833835327,figure_2.R
supplementary_table_2,Difference-in-CATEs TSS 60-70 versus TSS 30-40 | Voted in person in 2020 | PAP adjustment set,p_value,0.3562890667340519,figure_2.R
supplementary_table_2,Difference-in-CATEs TSS 60-70 versus TSS 30-40 | Voted in person in 2020 | PAP adjustment set,se,0.0033615115620358525,figure_2.R
supplementary_table_2,Difference-in-CATEs TSS 60-70 versus TSS 30-40 | Voted in person in 2020 | PAP adjustment set,t,0.9224596810565604,figure_2.R
supplementary_table_2,Difference-in-CATEs TSS 60-70 versus TSS 30-40 | Voted in person in 2020 | Unadjusted,ci_lower,-0.0039312558758288225,figure_2.R
supplementary_table_2,Difference-in-CATEs TSS 60-70 versus TSS 30-40 | Voted in person in 2020 | Unadjusted,ci_upper,0.009912863924608615,figure_2.R
supplementary_table_2,Difference-in-CATEs TSS 60-70 versus TSS 30-40 | Voted in person in 2020 | Unadjusted,df,1035574,figure_2.R
supplementary_table_2,Difference-in-CATEs TSS 60-70 versus TSS 30-40 | Voted in person in 2020 | Unadjusted,estimate,0.0029908040243898965,figure_2.R
supplementary_table_2,Difference-in-CATEs TSS 60-70 versus TSS 30-40 | Voted in person in 2020 | Unadjusted,p_value,0.39708468079992254,figure_2.R
supplementary_table_2,Difference-in-CATEs TSS 60-70 versus TSS 30-40 | Voted in person in 2020 | Unadjusted,se,0.0035317239828947656,figure_2.R
supplementary_table_2,Difference-in-CATEs TSS 60-70 versus TSS 30-40 | Voted in person in 2020 | Unadjusted,t,0.8468396847758454,figure_2.R
supplementary_table_2,Treatment*TSS interaction term from linear model | Voted early in 2020 | Full adjustment set,ci_lower,-0.04925139419631429,figure_2.R
supplementary_table_2,Treatment*TSS interaction term from linear model | Voted early in 2020 | Full adjustment set,ci_upper,-0.009031503228956617,figure_2.R
supplementary_table_2,Treatment*TSS interaction term from linear model | Voted early in 2020 | Full adjustment set,df,1999247,figure_2.R
supplementary_table_2,Treatment*TSS interaction term from linear model | Voted early in 2020 | Full adjustment set,estimate,-0.029141448712635454,figure_2.R
supplementary_table_2,Treatment*TSS interaction term from linear model | Voted early in 2020 | Full adjustment set,p_value,0.0045086012348398066,figure_2.R
supplementary_table_2,Treatment*TSS interaction term from linear model | Voted early in 2020 | Full adjustment set,se,0.010260358592063753,figure_2.R
supplementary_table_2,Treatment*TSS interaction term from linear model | Voted early in 2020 | Full adjustment set,t,-2.8401978791634015,figure_2.R
supplementary_table_2,Treatment*TSS interaction term from linear model | Voted early in 2020 | PAP adjustment set,ci_lower,-0.04838997568578973,figure_2.R
supplementary_table_2,Treatment*TSS interaction term from linear model | Voted early in 2020 | PAP adjustment set,ci_upper,-0.0077929926463950645,figure_2.R
supplementary_table_2,Treatment*TSS interaction term from linear model | Voted early in 2020 | PAP adjustment set,df,1999276,figure_2.R
supplementary_table_2,Treatment*TSS interaction term from linear model | Voted early in 2020 | PAP adjustment set,estimate,-0.0280914841660924,figure_2.R
supplementary_table_2,Treatment*TSS interaction term from linear model | Voted early in 2020 | PAP adjustment set,p_value,0.006679153253005875,figure_2.R
supplementary_table_2,Treatment*TSS interaction term from linear model | Voted early in 2020 | PAP adjustment set,se,0.01035655725874144,figure_2.R
supplementary_table_2,Treatment*TSS interaction term from linear model | Voted early in 2020 | PAP adjustment set,t,-2.712434592333453,figure_2.R
supplementary_table_2,Treatment*TSS interaction term from linear model | Voted early in 2020 | Unadjusted,ci_lower,-0.04861734909256275,figure_2.R
supplementary_table_2,Treatment*TSS interaction term from linear model | Voted early in 2020 | Unadjusted,ci_upper,-0.007046820013001529,figure_2.R
supplementary_table_2,Treatment*TSS interaction term from linear model | Voted early in 2020 | Unadjusted,df,1999278,figure_2.R
supplementary_table_2,Treatment*TSS interaction term from linear model | Voted early in 2020 | Unadjusted,estimate,-0.02783208455278214,figure_2.R
supplementary_table_2,Treatment*TSS interaction term from linear model | Voted early in 2020 | Unadjusted,p_value,0.008678934040729428,figure_2.R
supplementary_table_2,Treatment*TSS interaction term from linear model | Voted early in 2020 | Unadjusted,se,0.010604915253705811,figure_2.R
supplementary_table_2,Treatment*TSS interaction term from linear model | Voted early in 2020 | Unadjusted,t,-2.6244513875824156,figure_2.R
supplementary_table_2,Treatment*TSS interaction term from linear model | Voted in 2020 | Full adjustment set,ci_lower,-0.04003103383163151,figure_2.R
supplementary_table_2,Treatment*TSS interaction term from linear model | Voted in 2020 | Full adjustment set,ci_upper,2.582052385809476e-4,figure_2.R
supplementary_table_2,Treatment*TSS interaction term from linear model | Voted in 2020 | Full adjustment set,df,1999247,figure_2.R
supplementary_table_2,Treatment*TSS interaction term from linear model | Voted in 2020 | Full adjustment set,estimate,-0.019886414296525278,figure_2.R
supplementary_table_2,Treatment*TSS interaction term from linear model | Voted in 2020 | Full adjustment set,p_value,0.053009685355866254,figure_2.R
supplementary_table_2,Treatment*TSS interaction term from linear model | Voted in 2020 | Full adjustment set,se,0.01027804974899769,figure_2.R
supplementary_table_2,Treatment*TSS interaction term from linear model | Voted in 2020 | Full adjustment set,t,-1.9348431640413681,figure_2.R
supplementary_table_2,Treatment*TSS interaction term from linear model | Voted in 2020 | PAP adjustment set,ci_lower,-0.03920083051501197,figure_2.R
supplementary_table_2,Treatment*TSS interaction term from linear model | Voted in 2020 | PAP adjustment set,ci_upper,0.0013912855871660128,figure_2.R
supplementary_table_2,Treatment*TSS interaction term from linear model | Voted in 2020 | PAP adjustment set,df,1999276,figure_2.R
supplementary_table_2,Treatment*TSS interaction term from linear model | Voted in 2020 | PAP adjustment set,estimate,-0.01890477246392298,figure_2.R
supplementary_table_2,Treatment*TSS interaction term from linear model | Voted in 2020 | PAP adjustment set,p_value,0.06790911025136327,figure_2.R
supplementary_table_2,Treatment*TSS interaction term from linear model | Voted in 2020 | PAP adjustment set,se,0.01035531567106212,figure_2.R
supplementary_table_2,Treatment*TSS interaction term from linear model | Voted in 2020 | PAP adjustment set,t,-1.8256104463094522,figure_2.R
supplementary_table_2,Treatment*TSS interaction term from linear model | Voted in 2020 | Unadjusted,ci_lower,-0.04117864164103703,figure_2.R
supplementary_table_2,Treatment*TSS interaction term from linear model | Voted in 2020 | Unadjusted,ci_upper,0.004919218061754164,figure_2.R
supplementary_table_2,Treatment*TSS interaction term from linear model | Voted in 2020 | Unadjusted,df,1999278,figure_2.R
supplementary_table_2,Treatment*TSS interaction term from linear model | Voted in 2020 | Unadjusted,estimate,-0.018129711789641432,figure_2.R
supplementary_table_2,Treatment*TSS interaction term from linear model | Voted in 2020 | Unadjusted,p_value,0.12315649568910815,figure_2.R
supplementary_table_2,Treatment*TSS interaction term from linear model | Voted in 2020 | Unadjusted,se,0.011759867058456035,figure_2.R
supplementary_table_2,Treatment*TSS interaction term from linear model | Voted in 2020 | Unadjusted,t,-1.5416595867557112,figure_2.R
supplementary_table_2,Treatment*TSS interaction term from linear model | Voted in person in 2020 | Full adjustment set,ci_lower,-0.010754559994290432,figure_2.R
supplementary_table_2,Treatment*TSS interaction term from linear model | Voted in person in 2020 | Full adjustment set,ci_upper,0.029264628826407714,figure_2.R
supplementary_table_2,Treatment*TSS interaction term from linear model | Voted in person in 2020 | Full adjustment set,df,1999247,figure_2.R
supplementary_table_2,Treatment*TSS interaction term from linear model | Voted in person in 2020 | Full adjustment set,estimate,0.009255034416058641,figure_2.R
supplementary_table_2,Treatment*TSS interaction term from linear model | Voted in person in 2020 | Full adjustment set,p_value,0.3646489592050356,figure_2.R
supplementary_table_2,Treatment*TSS interaction term from linear model | Voted in person in 2020 | Full adjustment set,se,0.010209158155031364,figure_2.R
supplementary_table_2,Treatment*TSS interaction term from linear model | Voted in person in 2020 | Full adjustment set,t,0.906542368676843,figure_2.R
supplementary_table_2,Treatment*TSS interaction term from linear model | Voted in person in 2020 | PAP adjustment set,ci_lower,-0.01100991723747302,figure_2.R
supplementary_table_2,Treatment*TSS interaction term from linear model | Voted in person in 2020 | PAP adjustment set,ci_upper,0.02938334064171138,figure_2.R
supplementary_table_2,Treatment*TSS interaction term from linear model | Voted in person in 2020 | PAP adjustment set,df,1999276,figure_2.R
supplementary_table_2,Treatment*TSS interaction term from linear model | Voted in person in 2020 | PAP adjustment set,estimate,0.00918671170211918,figure_2.R
supplementary_table_2,Treatment*TSS interaction term from linear model | Voted in person in 2020 | PAP adjustment set,p_value,0.37265206436300635,figure_2.R
supplementary_table_2,Treatment*TSS interaction term from linear model | Voted in person in 2020 | PAP adjustment set,se,0.010304585631078455,figure_2.R
supplementary_table_2,Treatment*TSS interaction term from linear model | Voted in person in 2020 | PAP adjustment set,t,0.8915168480343562,figure_2.R
supplementary_table_2,Treatment*TSS interaction term from linear model | Voted in person in 2020 | Unadjusted,ci_lower,-0.01150527504906885,figure_2.R
supplementary_table_2,Treatment*TSS interaction term from linear model | Voted in person in 2020 | Unadjusted,ci_upper,0.030910020575345643,figure_2.R
supplementary_table_2,Treatment*TSS interaction term from linear model | Voted in person in 2020 | Unadjusted,df,1999278,figure_2.R
supplementary_table_2,Treatment*TSS interaction term from linear model | Voted in person in 2020 | Unadjusted,estimate,0.009702372763138395,figure_2.R
supplementary_table_2,Treatment*TSS interaction term from linear model | Voted in person in 2020 | Unadjusted,p_value,0.3698938544900968,figure_2.R
supplementary_table_2,Treatment*TSS interaction term from linear model | Voted in person in 2020 | Unadjusted,se,0.01082042075281045,figure_2.R
supplementary_table_2,Treatment*TSS interaction term from linear model | Voted in person in 2020 | Unadjusted,t,0.8966724108781391,figure_2.R
supplementary_table_3,Ideology score / 100,ci_lower,-7.166081870448342e-4,figure_5.R
supplementary_table_3,Ideology score / 100,ci_upper,7.694035169854516e-4,figure_5.R
supplementary_table_3,Ideology score / 100,df,1999280,figure_5.R
supplementary_table_3,Ideology score / 100,estimate,2.6397664970308735e-5,figure_5.R
supplementary_table_3,Ideology score / 100,p_value,0.9444849445950392,figure_5.R
supplementary_table_3,Ideology score / 100,p_value_bh,0.9444849445950392,figure_5.R
supplementary_table_3,Ideology score / 100,se,3.790913547697389e-4,figure_5.R
supplementary_table_3,Ideology score / 100,t,0.06963404635366256,figure_5.R
supplementary_table_3,Partisanship score / 100,ci_lower,-0.001161444613533246,figure_5.R
supplementary_table_3,Partisanship score / 100,ci_upper,0.0019333685149644122,figure_5.R
supplementary_table_3,Partisanship score / 100,df,1999280,figure_5.R
supplementary_table_3,Partisanship score / 100,estimate,3.859619507155832e-4,figure_5.R
supplementary_table_3,Partisanship score / 100,p_value,0.6249377549298674,figure_5.R
supplementary_table_3,Partisanship score / 100,p_value_bh,0.9444849445950392,figure_5.R
supplementary_table_3,Partisanship score / 100,se,7.89507174445135e-4,figure_5.R
supplementary_table_3,Partisanship score / 100,t,0.4888643994740604,figure_5.R
supplementary_table_3,Party: Democrat,ci_lower,-0.003067605636479197,figure_5.R
supplementary_table_3,Party: Democrat,ci_upper,7.240224274831213e-4,figure_5.R
supplementary_table_3,Party: Democrat,df,1999280,figure_5.R
supplementary_table_3,Party: Democrat,estimate,-0.001171791604498038,figure_5.R
supplementary_table_3,Party: Democrat,p_value,0.22572579192763723,figure_5.R
supplementary_table_3,Party: Democrat,p_value_bh,0.8099742300569241,figure_5.R
supplementary_table_3,Party: Democrat,se,9.672692453579375e-4,figure_5.R
supplementary_table_3,Party: Democrat,t,-1.2114430497212976,figure_5.R
supplementary_table_3,Party: Other,ci_lower,-6.817809223948305e-4,figure_5.R
supplementary_table_3,Party: Other,ci_upper,0.0031205076321995542,figure_5.R
supplementary_table_3,Party: Other,df,1999280,figure_5.R
supplementary_table_3,Party: Other,estimate,0.0012193633549023618,figure_5.R
supplementary_table_3,Party: Other,p_value,0.20872114762414307,figure_5.R
supplementary_table_3,Party: Other,p_value_bh,0.8099742300569241,figure_5.R
supplementary_table_3,Party: Other,se,9.69988806600463e-4,figure_5.R
supplementary_table_3,Party: Other,t,1.2570901299117938,figure_5.R
supplementary_table_3,Party: Republican,ci_lower,-9.40702288721984e-4,figure_5.R
supplementary_table_3,Party: Republican,ci_upper,6.123935111346542e-4,figure_5.R
supplementary_table_3,Party: Republican,df,1999280,figure_5.R
supplementary_table_3,Party: Republican,estimate,-1.6415438879366495e-4,figure_5.R
supplementary_table_3,Party: Republican,p_value,0.6786421150292119,figure_5.R
supplementary_table_3,Party: Republican,p_value_bh,0.9444849445950392,figure_5.R
supplementary_table_3,Party: Republican,se,3.962049486272719e-4,figure_5.R
supplementary_table_3,Party: Republican,t,-0.414316856370445,figure_5.R
supplementary_table_3,Party: Unknown,ci_lower,-0.0023828302803211143,figure_5.R
supplementary_table_3,Party: Unknown,ci_upper,0.0026159955571359965,figure_5.R
supplementary_table_3,Party: Unknown,df,1999280,figure_5.R
supplementary_table_3,Party: Unknown,estimate,1.1658263840744117e-4,figure_5.R
supplementary_table_3,Party: Unknown,p_value,0.927158376897392,figure_5.R
supplementary_table_3,Party: Unknown,p_value_bh,0.9444849445950392,figure_5.R
supplementary_table_3,Party: Unknown,se,0.0012752333335195381,figure_5.R
supplementary_table_3,Party: Unknown,t,0.09142063287012955,figure_5.R
supplementary_table_3,Trump support score / 100,ci_lower,-0.0013910585094028503,figure_5.R
supplementary_table_3,Trump support score / 100,ci_upper,-9.88803340766333e-5,figure_5.R
supplementary_table_3,Trump support score / 100,df,1999280,figure_5.R
supplementary_table_3,Trump support score / 100,estimate,-7.449694217397418e-4,figure_5.R
supplementary_table_3,Trump support score / 100,p_value,0.02382589414186987,figure_5.R
supplementary_table_3,Trump support score / 100,p_value_bh,0.26208483556056855,figure_5.R
supplementary_table_3,Trump support score / 100,se,3.296431473317126e-4,figure_5.R
supplementary_table_3,Trump support score / 100,t,-2.259926917243317,figure_5.R
supplementary_table_3,TSS: 30-40,ci_lower,-8.695502128351217e-4,figure_5.R
supplementary_table_3,TSS: 30-40,ci_upper,0.0037284282824766282,figure_5.R
supplementary_table_3,TSS: 30-40,df,1999280,figure_5.R
supplementary_table_3,TSS: 30-40,estimate,0.0014294390348207533,figure_5.R
supplementary_table_3,TSS: 30-40,p_value,0.22297927528809888,figure_5.R
supplementary_table_3,TSS: 30-40,p_value_bh,0.8099742300569241,figure_5.R
supplementary_table_3,TSS: 30-40,se,0.001172974541359556,figure_5.R
supplementary_table_3,TSS: 30-40,t,1.2186445523054046,figure_5.R
supplementary_table_3,TSS: 40-50,ci_lower,-6.70634017042803e-4,figure_5.R
supplementary_table_3,TSS: 40-50,ci_upper,0.0039001640478056815,figure_5.R
supplementary_table_3,TSS: 40-50,df,1999280,figure_5.R
supplementary_table_3,TSS: 40-50,estimate,0.0016147650153814392,figure_5.R
supplementary_table_3,TSS: 40-50,p_value,0.1661054064571074,figure_5.R
supplementary_table_3,TSS: 40-50,p_value_bh,0.8099742300569241,figure_5.R
supplementary_table_3,TSS: 40-50,se,0.0011660406348636661,figure_5.R
supplementary_table_3,TSS: 40-50,t,1.3848273954622843,figure_5.R
supplementary_table_3,TSS: 50-60,ci_lower,-0.00206442101811325,figure_5.R
supplementary_table_3,TSS: 50-60,ci_upper,0.0026100365372013126,figure_5.R
supplementary_table_3,TSS: 50-60,df,1999280,figure_5.R
supplementary_table_3,TSS: 50-60,estimate,2.7280775954403153e-4,figure_5.R
supplementary_table_3,TSS: 50-60,p_value,0.8190457530473066,figure_5.R
supplementary_table_3,TSS: 50-60,p_value_bh,0.9444849445950392,figure_5.R
supplementary_table_3,TSS: 50-60,se,0.0011924848523411924,figure_5.R
supplementary_table_3,TSS: 50-60,t,0.22877251564951206,figure_5.R
supplementary_table_3,TSS: 60-70,ci_lower,-0.005809280266226891,figure_5.R
supplementary_table_3,TSS: 60-70,ci_upper,-8.247433542454331e-4,figure_5.R
supplementary_table_3,TSS: 60-70,df,1999280,figure_5.R
supplementary_table_3,TSS: 60-70,estimate,-0.0033170118102361624,figure_5.R
supplementary_table_3,TSS: 60-70,p_value,0.009092519253208437,figure_5.R
supplementary_table_3,TSS: 60-70,p_value_bh,0.20003542357058562,figure_5.R
supplementary_table_3,TSS: 60-70,se,0.0012715881346950081,figure_5.R
supplementary_table_3,TSS: 60-70,t,-2.608558321466055,figure_5.R
supplementary_table_3,Turnout score / 100,ci_lower,-8.304813635528333e-4,figure_5.R
supplementary_table_3,Turnout score / 100,ci_upper,0.0017678966848761147,figure_5.R
supplementary_table_3,Turnout score / 100,df,1999280,figure_5.R
supplementary_table_3,Turnout score / 100,estimate,4.6870766066164075e-4,figure_5.R
supplementary_table_3,Turnout score / 100,p_value,0.47950722536826673,figure_5.R
supplementary_table_3,Turnout score / 100,p_value_bh,0.9444849445950392,figure_5.R
supplementary_table_3,Turnout score / 100,se,6.628633219451445e-4,figure_5.R
supplementary_table_3,Turnout score / 100,t,0.7070954828006442,figure_5.R
supplementary_table_3,Voted in 2000,ci_lower,-0.0016665565763161392,figure_5.R
supplementary_table_3,Voted in 2000,ci_upper,0.0015487182534194863,figure_5.R
supplementary_table_3,Voted in 2000,df,1999280,figure_5.R
supplementary_table_3,Voted in 2000,estimate,-5.8919161448326445e-5,figure_5.R
supplementary_table_3,Voted in 2000,p_value,0.9427357651531261,figure_5.R
supplementary_table_3,Voted in 2000,p_value_bh,0.9444849445950392,figure_5.R
supplementary_table_3,Voted in 2000,se,8.202377463486507e-4,figure_5.R
supplementary_table_3,Voted in 2000,t,-0.07183180938771652,figure_5.R
supplementary_table_3,Voted in 2002,ci_lower,-0.0011086918548223062,figure_5.R
supplementary_table_3,Voted in 2002,ci_upper,0.0015037376019986124,figure_5.R
supplementary_table_3,Voted in 2002,df,1999280,figure_5.R
supplementary_table_3,Voted in 2002,estimate,1.97522873588153e-4,figure_5.R
supplementary_table_3,Voted in 2002,p_value,0.7669387404498537,figure_5.R
supplementary_table_3,Voted in 2002,p_value_bh,0.9444849445950392,figure_5.R
supplementary_table_3,Voted in 2002,se,6.664479286001849e-4,figure_5.R
supplementary_table_3,Voted in 2002,t,0.29638155527474197,figure_5.R
supplementary_table_3,Voted in 2004,ci_lower,-0.0019288152086270134,figure_5.R
supplementary_table_3,Voted in 2004,ci_upper,0.0022751751541945343,figure_5.R
supplementary_table_3,Voted in 2004,df,1999280,figure_5.R
supplementary_table_3,Voted in 2004,estimate,1.7317997278376034e-4,figure_5.R
supplementary_table_3,Voted in 2004,p_value,0.8717166775721759,figure_5.R
supplementary_table_3,Voted in 2004,p_value_bh,0.9444849445950392,figure_5.R
supplementary_table_3,Voted in 2004,se,0.0010724655786751905,figure_5.R
supplementary_table_3,Voted in 2004,t,0.16147835065969052,figure_5.R
supplementary_table_3,Voted in 2006,ci_lower,-0.0018566072800419193,figure_5.R
supplementary_table_3,Voted in 2006,ci_upper,0.0014888724330638836,figure_5.R
supplementary_table_3,Voted in 2006,df,1999280,figure_5.R
supplementary_table_3,Voted in 2006,estimate,-1.8386742348901785e-4,figure_5.R
supplementary_table_3,Voted in 2006,p_value,0.8294249277773115,figure_5.R
supplementary_table_3,Voted in 2006,p_value_bh,0.9444849445950392,figure_5.R
supplementary_table_3,Voted in 2006,se,8.534538680659736e-4,figure_5.R
supplementary_table_3,Voted in 2006,t,-0.2154392057600992,figure_5.R
supplementary_table_3,Voted in 2008,ci_lower,-0.0033503864797218017,figure_5.R
supplementary_table_3,Voted in 2008,ci_upper,0.001476784285177099,figure_5.R
supplementary_table_3,Voted in 2008,df,1999280,figure_5.R
supplementary_table_3,Voted in 2008,estimate,-9.368010972723514e-4,figure_5.R
supplementary_table_3,Voted in 2008,p_value,0.44681578977898606,figure_5.R
supplementary_table_3,Voted in 2008,p_value_bh,0.9444849445950392,figure_5.R
supplementary_table_3,Voted in 2008,se,0.0012314429960459488,figure_5.R
supplementary_table_3,Voted in 2008,t,-0.7607344394180927,figure_5.R
supplementary_table_3,Voted in 2010,ci_lower,-0.0024066324783342985,figure_5.R
supplementary_table_3,Voted in 2010,ci_upper,0.0011530516864893814,figure_5.R
supplementary_table_3,Voted in 2010,df,1999280,figure_5.R
supplementary_table_3,Voted in 2010,estimate,-6.267903959224585e-4,figure_5.R
supplementary_table_3,Voted in 2010,p_value,0.49005425231132826,figure_5.R
supplementary_table_3,Voted in 2010,p_value_bh,0.9444849445950392,figure_5.R
supplementary_table_3,Voted in 2010,se,9.080988318836907e-4,figure_5.R
supplementary_table_3,Voted in 2010,t,-0.6902226651060572,figure_5.R
supplementary_table_3,Voted in 2012,ci_lower,-0.002223745454148368,figure_5.R
supplementary_table_3,Voted in 2012,ci_upper,0.002879830745269894,figure_5.R
supplementary_table_3,Voted in 2012,df,1999280,figure_5.R
supplementary_table_3,Voted in 2012,estimate,3.2804264556076285e-4,figure_5.R
supplementary_table_3,Voted in 2012,p_value,0.8010709081258788,figure_5.R
supplementary_table_3,Voted in 2012,p_value_bh,0.9444849445950392,figure_5.R
supplementary_table_3,Voted in 2012,se,0.0013019558394868692,figure_5.R
supplementary_table_3,Voted in 2012,t,0.25196142266242455,figure_5.R
supplementary_table_3,Voted in 2014,ci_lower,-0.00305710747577045,figure_5.R
supplementary_table_3,Voted in 2014,ci_upper,8.188829267535799e-4,figure_5.R
supplementary_table_3,Voted in 2014,df,1999280,figure_5.R
supplementary_table_3,Voted in 2014,estimate,-0.0011191122745084349,figure_5.R
supplementary_table_3,Voted in 2014,p_value,0.2577190731999304,figure_5.R
supplementary_table_3,Voted in 2014,p_value_bh,0.8099742300569241,figure_5.R
supplementary_table_3,Voted in 2014,se,9.88790632524785e-4,figure_5.R
supplementary_table_3,Voted in 2014,t,-1.1317990256955466,figure_5.R
supplementary_table_3,Voted in 2016,ci_lower,-0.003079233347836932,figure_5.R
supplementary_table_3,Voted in 2016,ci_upper,0.0023116522934936096,figure_5.R
supplementary_table_3,Voted in 2016,df,1999280,figure_5.R
supplementary_table_3,Voted in 2016,estimate,-3.8379052717166115e-4,figure_5.R
supplementary_table_3,Voted in 2016,p_value,0.7801914650075654,figure_5.R
supplementary_table_3,Voted in 2016,p_value_bh,0.9444849445950392,figure_5.R
supplementary_table_3,Voted in 2016,se,0.0013752503668968928,figure_5.R
supplementary_table_3,Voted in 2016,t,-0.2790695690106551,figure_5.R
supplementary_table_3,Voted in 2018,ci_lower,-0.001375001479969311,figure_5.R
supplementary_table_3,Voted in 2018,ci_upper,0.0036223254973252665,figure_5.R
supplementary_table_3,Voted in 2018,df,1999280,figure_5.R
supplementary_table_3,Voted in 2018,estimate,0.0011236620086779777,figure_5.R
supplementary_table_3,Voted in 2018,p_value,0.37809791191208664,figure_5.R
supplementary_table_3,Voted in 2018,p_value_bh,0.9444849445950392,figure_5.R
supplementary_table_3,Voted in 2018,se,0.0012748509644385383,figure_5.R
supplementary_table_3,Voted in 2018,t,0.8814065643922965,figure_5.R
table_1,Female Black 18-24,control_n,4508,table_1.R
table_1,Female Black 18-24,p_treat,0.628,table_1.R
table_1,Female Black 18-24,treatment_n,7605,table_1.R
table_1,Female Black 18-24,voting_rate_control,48,table_1.R
table_1,Female Black 18-24,voting_rate_treatment,46.4,table_1.R
table_1,Female Black 25-34,control_n,3473,table_1.R
table_1,Female Black 25-34,p_treat,0.775,table_1.R
table_1,Female Black 25-34,treatment_n,11952,table_1.R
table_1,Female Black 25-34,voting_rate_control,42.2,table_1.R
table_1,Female Black 25-34,voting_rate_treatment,41.3,table_1.R
table_1,Female Black Other,control_n,4564,table_1.R
table_1,Female Black Other,p_treat,0.8540000000000001,table_1.R
table_1,Female Black Other,treatment_n,26783,table_1.R
table_1,Female Black Other,voting_rate_control,51.4,table_1.R
table_1,Female Black Other,voting_rate_treatment,51.2,table_1.R
table_1,Female Latinx 18-24,control_n,4831,table_1.R
table_1,Female Latinx 18-24,p_treat,0.6679999999999999,table_1.R
table_1,Female Latinx 18-24,treatment_n,9741,table_1.R
table_1,Female Latinx 18-24,voting_rate_control,52.2,table_1.R
table_1,Female Latinx 18-24,voting_rate_treatment,51.7,table_1.R
table_1,Female Latinx 25-34,control_n,3074,table_1.R
table_1,Female Latinx 25-34,p_treat,0.8270000000000001,table_1.R
table_1,Female Latinx 25-34,treatment_n,14743,table_1.R
table_1,Female Latinx 25-34,voting_rate_control,46,table_1.R
table_1,Female Latinx 25-34,voting_rate_treatment,45,table_1.R
table_1,Female Latinx Other,control_n,2727,table_1.R
table_1,Female Latinx Other,p_treat,0.907,table_1.R
table_1,Female Latinx Other,treatment_n,26699,table_1.R
table_1,Female Latinx Other,voting_rate_control,50.7,table_1.R
table_1,Female Latinx Other,voting_rate_treatment,50.8,table_1.R
table_1,Female Other 18-24,control_n,60999,table_1.R
table_1,Female Other 18-24,p_treat,0.695,table_1.R
table_1,Female Other 18-24,treatment_n,139081,table_1.R
table_1,Female Other 18-24,voting_rate_control,66,table_1.R
table_1,Female Other 18-24,voting_rate_treatment,66.2,table_1.R
table_1,Female Other 25-34,control_n,34406,table_1.R
table_1,Female Other 25-34,p_treat,0.8650000000000001,table_1.R
table_1,Female Other 25-34,treatment_n,219742,table_1.R
table_1,Female Other 25-34,voting_rate_control,57,table_1.R
table_1,Female Other 25-34,voting_rate_treatment,57,table_1.R
table_1,Female Other Other,control_n,19998,table_1.R
table_1,Female Other Other,p_treat,0.9500000000000001,table_1.R
table_1,Female Other Other,treatment_n,383115,table_1.R
table_1,Female Other Other,voting_rate_control,62.8,table_1.R
table_1,Female Other Other,voting_rate_treatment,62.5,table_1.R
table_1,Other Black 18-24,control_n,14004,table_1.R
table_1,Other Black 18-24,p_treat,0.644,table_1.R
table_1,Other Black 18-24,treatment_n,25313,table_1.R
table_1,Other Black 18-24,voting_rate_control,36.9,table_1.R
table_1,Other Black 18-24,voting_rate_treatment,36.9,table_1.R
table_1,Other Black 25-34,control_n,11122,table_1.R
table_1,Other Black 25-34,p_treat,0.801,table_1.R
table_1,Other Black 25-34,treatment_n,44850,table_1.R
table_1,Other Black 25-34,voting_rate_control,27.8,table_1.R
table_1,Other Black 25-34,voting_rate_treatment,28.1,table_1.R
table_1,Other Black Other,control_n,9501,table_1.R
table_1,Other Black Other,p_treat,0.88,table_1.R
table_1,Other Black Other,treatment_n,69871,table_1.R
table_1,Other Black Other,voting_rate_control,36.7,table_1.R
table_1,Other Black Other,voting_rate_treatment,36.9,table_1.R
table_1,Other Latinx 18-24,control_n,11145,table_1.R
table_1,Other Latinx 18-24,p_treat,0.6799999999999999,table_1.R
table_1,Other Latinx 18-24,treatment_n,23709,table_1.R
table_1,Other Latinx 18-24,voting_rate_control,39.3,table_1.R
table_1,Other Latinx 18-24,voting_rate_treatment,39.2,table_1.R
table_1,Other Latinx 25-34,control_n,5974,table_1.R
table_1,Other Latinx 25-34,p_treat,0.8520000000000001,table_1.R
table_1,Other Latinx 25-34,treatment_n,34290,table_1.R
table_1,Other Latinx 25-34,voting_rate_control,33.1,table_1.R
table_1,Other Latinx 25-34,voting_rate_treatment,33.1,table_1.R
table_1,Other Latinx Other,control_n,2835,table_1.R
table_1,Other Latinx Other,p_treat,0.933,table_1.R
table_1,Other Latinx Other,treatment_n,39268,table_1.R
table_1,Other Latinx Other,voting_rate_control,42.6,table_1.R
table_1,Other Latinx Other,voting_rate_treatment,42,table_1.R
table_1,Other Other 18-24,control_n,60726,table_1.R
table_1,Other Other 18-24,p_treat,0.714,table_1.R
table_1,Other Other 18-24,treatment_n,151473,table_1.R
table_1,Other Other 18-24,voting_rate_control,57.9,table_1.R
table_1,Other Other 18-24,voting_rate_treatment,57.8,table_1.R
table_1,Other Other 25-34,control_n,28067,table_1.R
table_1,Other Other 25-34,p_treat,0.89,table_1.R
table_1,Other Other 25-34,treatment_n,227248,table_1.R
table_1,Other Other 25-34,voting_rate_control,48.3,table_1.R
table_1,Other Other 25-34,voting_rate_treatment,48.1,table_1.R
table_1,Other Other Other,control_n,5781,table_1.R
table_1,Other Other Other,p_treat,0.978,table_1.R
table_1,Other Other Other,treatment_n,256064,table_1.R
table_1,Other Other Other,voting_rate_control,57.9,table_1.R
table_1,Other Other Other,voting_rate_treatment,58.6,table_1.R
table_1,Total,control_n,287735,table_1.R
table_1,Total,p_treat,0.8560000000000001,table_1.R
table_1,Total,treatment_n,1711547,table_1.R
table_1,Total,voting_rate_control,54.6,table_1.R
table_1,Total,voting_rate_treatment,54.6,table_1.R
text,ad_library_acronym_spend_lb,value,4402700,figure_C3.R
text,ad_library_total_ads,value,1138926,figure_C3.R
text,ad_library_total_spend_lb,value,349006000,figure_C3.R
text,ate_pap_ci_high,value,0.001742978151306178,in_text_calculations.R
text,ate_pap_ci_low,value,-0.003017516625579005,in_text_calculations.R
text,ate_pap_df,value,1999277,in_text_calculations.R
text,ate_pap_estimate,value,-6.372692371364134e-4,in_text_calculations.R
text,ate_pap_p,value,0.599759770883685,in_text_calculations.R
text,ate_pap_se,value,0.0012144335131732246,in_text_calculations.R
text,ate_pap_t,value,-0.5247460896161175,in_text_calculations.R
text,cate_biden_estimate,value,0.0036308083588716044,in_text_calculations.R
text,cate_biden_se,value,0.00225124130634715,in_text_calculations.R
text,cate_democrat_estimate,value,0.0077328788359217965,in_text_calculations.R
text,cate_democrat_se,value,0.004879099183165514,in_text_calculations.R
text,cate_republican_estimate,value,-0.009848866727905064,in_text_calculations.R
text,cate_republican_se,value,0.004917216205008622,in_text_calculations.R
text,cate_trump_estimate,value,-0.0034852553357895767,in_text_calculations.R
text,cate_trump_se,value,0.00253805501571432,in_text_calculations.R
text,dic_ci_high,value,-4.51954032899618e-4,in_text_calculations.R
text,dic_ci_low,value,-0.013748626600390935,in_text_calculations.R
text,dic_df,value,1035571,in_text_calculations.R
text,dic_estimate,value,-0.007100290316645276,in_text_calculations.R
text,dic_p,value,0.036331117166334144,in_text_calculations.R
text,dic_se,value,0.0033920666735103794,in_text_calculations.R
text,dic_t,value,-2.093204821736989,in_text_calculations.R
text,equality_den_df,value,1035571,in_text_calculations.R
text,equality_f,value,20.99498107120079,in_text_calculations.R
text,equality_num_df,value,1,in_text_calculations.R
text,n_acronym_ads,value,15043,figure_B2.R
text,n_persuasion_ads,value,14237,figure_B2.R
text,spend_lb_all_acronym_ads,value,4402700,figure_B2.R
text,spend_lb_biden,value,368800,figure_B2.R
text,spend_lb_both,value,244500,figure_B2.R
text,spend_lb_other,value,304000,figure_B2.R
text,spend_lb_persuasion_total,value,3867900,figure_B2.R
text,spend_lb_promoted_news,value,1275000,figure_B2.R
text,spend_lb_traditional_video,value,2288900,figure_B2.R
text,spend_lb_trump,value,3254600,figure_B2.R
text,spend_ub_persuasion_total,value,5921963,figure_B2.R
text,tost_p_lower,value,0.01320878,in_text_calculations.R
